-- phpMyAdmin SQL Dump
-- version 4.6.4
-- https://www.phpmyadmin.net/
--
-- Servidor: 127.0.0.1
-- Tiempo de generación: 18-09-2018 a las 23:29:36
-- Versión del servidor: 5.7.14
-- Versión de PHP: 5.6.25

SET SQL_MODE = "NO_AUTO_VALUE_ON_ZERO";
SET time_zone = "+00:00";


/*!40101 SET @OLD_CHARACTER_SET_CLIENT=@@CHARACTER_SET_CLIENT */;
/*!40101 SET @OLD_CHARACTER_SET_RESULTS=@@CHARACTER_SET_RESULTS */;
/*!40101 SET @OLD_COLLATION_CONNECTION=@@COLLATION_CONNECTION */;
/*!40101 SET NAMES utf8mb4 */;

--
-- Base de datos: `encomiendas`
--

-- --------------------------------------------------------

--
-- Estructura de tabla para la tabla `documentos`
--

CREATE TABLE `documentos` (
  `id` int(20) NOT NULL,
  `manifiesto` int(11) DEFAULT NULL,
  `fecha` date NOT NULL,
  `hora` time NOT NULL,
  `idcliente` int(11) NOT NULL,
  `guia` varchar(30) NOT NULL,
  `idtransporte` int(11) NOT NULL,
  `status` varchar(30) NOT NULL DEFAULT 'Pendiente',
  `usuario` int(11) NOT NULL,
  `usr_recibe` int(11) DEFAULT NULL,
  `fecha_recibe` date DEFAULT NULL,
  `hora_recibe` time DEFAULT NULL,
  `notificacion` varchar(50) DEFAULT NULL,
  `cant_ordenes` int(11) NOT NULL DEFAULT '1',
  `forzada` text
) ENGINE=MyISAM DEFAULT CHARSET=latin1;

--
-- Volcado de datos para la tabla `documentos`
--

INSERT INTO `documentos` (`id`, `manifiesto`, `fecha`, `hora`, `idcliente`, `guia`, `idtransporte`, `status`, `usuario`, `usr_recibe`, `fecha_recibe`, `hora_recibe`, `notificacion`, `cant_ordenes`, `forzada`) VALUES
(1536105565, NULL, '2018-09-04', '17:59:25', 68, '6171604', 3, 'Recibido', 2, 32, '2018-09-04', '18:13:40', 'Whatsapp', 1, NULL),
(1536105547, NULL, '2018-09-04', '17:59:07', 68, '6171396', 3, 'Recibido', 2, 32, '2018-09-04', '18:13:45', 'Whatsapp', 1, NULL),
(1536105532, NULL, '2018-09-04', '17:58:52', 68, '6171524', 3, 'Recibido', 2, 32, '2018-09-04', '18:13:52', 'Whatsapp', 1, NULL),
(1536105505, NULL, '2018-09-04', '17:58:25', 316, '1233846', 2, 'Recibido', 2, 32, '2018-09-04', '18:14:38', 'Whatsapp', 1, NULL),
(1536105487, NULL, '2018-09-04', '17:58:07', 205, '77268', 14, 'Recibido', 2, 32, '2018-09-04', '18:13:17', 'Whatsapp', 1, NULL),
(1536105470, NULL, '2018-09-04', '17:57:50', 322, '90301', 14, 'Recibido', 2, 32, '2018-09-04', '18:13:21', 'Whatsapp', 1, NULL),
(1536105439, NULL, '2018-09-04', '17:57:19', 205, '76638', 14, 'Recibido', 2, 32, '2018-09-04', '18:13:30', 'Whatsapp', 1, NULL),
(1536105413, NULL, '2018-09-04', '17:56:53', 23, '979304', 6, 'Recibido', 2, 32, '2018-09-04', '18:12:51', 'Whatsapp', 1, NULL),
(1536105392, NULL, '2018-09-04', '17:56:32', 214, '979477', 6, 'Recibido', 2, 32, '2018-09-04', '18:13:01', 'Whatsapp', 1, NULL),
(1536105374, NULL, '2018-09-04', '17:56:14', 349, '979306', 6, 'Recibido', 2, 32, '2018-09-04', '18:13:05', 'Whatsapp', 1, NULL),
(1536105323, NULL, '2018-09-04', '17:55:23', 265, '31224', 7, 'Recibido', 2, 32, '2018-09-04', '18:13:49', 'Whatsapp', 1, NULL),
(1536105292, NULL, '2018-09-04', '17:54:52', 180, '4118394', 7, 'Recibido', 2, 32, '2018-09-04', '18:13:56', 'Whatsapp', 1, NULL),
(1536105254, NULL, '2018-09-04', '17:54:14', 325, '429430', 6, 'Recibido', 2, 32, '2018-09-04', '18:12:35', 'Whatsapp', 1, NULL),
(1536105235, NULL, '2018-09-04', '17:53:55', 337, '17881781', 4, 'Recibido', 2, 32, '2018-09-04', '18:12:23', 'Whatsapp', 1, NULL),
(1536105213, NULL, '2018-09-04', '17:53:33', 13, '979480', 6, 'Recibido', 2, 32, '2018-09-04', '18:12:48', 'Whatsapp', 1, NULL),
(1536105190, NULL, '2018-09-04', '17:53:10', 127, 'zarcero', 6, 'Recibido', 2, 32, '2018-09-04', '18:12:41', 'Whatsapp', 1, NULL),
(1536105142, NULL, '2018-09-04', '17:52:22', 37, '1744', 4, 'Recibido', 2, 32, '2018-09-04', '18:12:30', 'Whatsapp', 1, NULL),
(1536105028, NULL, '2018-09-04', '17:50:28', 283, '28237', 14, 'Recibido', 2, 32, '2018-09-04', '17:51:37', 'Whatsapp', 2, NULL),
(1536104977, NULL, '2018-09-04', '17:49:37', 283, '28276', 14, 'Recibido', 2, 32, '2018-09-04', '18:13:34', 'Whatsapp', 1, NULL),
(1536104956, NULL, '2018-09-04', '17:49:16', 348, '90205', 14, 'Recibido', 2, 32, '2018-09-04', '18:13:08', 'Whatsapp', 1, NULL),
(1536104914, NULL, '2018-09-04', '17:48:34', 9, '90215', 14, 'Recibido', 2, 32, '2018-09-04', '18:13:14', 'Whatsapp', 1, NULL),
(1536104605, NULL, '2018-09-04', '17:43:25', 20, '76957', 14, 'Recibido', 2, 32, '2018-09-04', '17:44:00', 'Whatsapp', 1, NULL),
(1536104491, NULL, '2018-09-04', '17:41:31', 322, '90253', 14, 'Recibido', 2, 32, '2018-09-04', '17:42:19', 'Whatsapp', 1, NULL),
(1536100482, NULL, '2018-09-04', '16:34:42', 117, '54534', 3, 'Recibido', 2, 2, '2018-09-04', '16:36:18', 'Whatsapp', 1, NULL),
(1536100465, NULL, '2018-09-04', '16:34:25', 258, '1232', 1, 'Recibido', 2, 2, '2018-09-04', '16:36:23', 'Whatsapp', 1, NULL),
(1536100347, NULL, '2018-09-04', '16:32:27', 205, '77386', 14, 'Recibido', 2, 30, '2018-09-13', '17:42:56', 'Whatsapp', 3, NULL),
(1536022173, NULL, '2018-09-03', '18:49:33', 20, '2356444', 4, 'Recibido', 26, 26, '2018-09-03', '18:50:59', 'Whatsapp', 1, NULL),
(1535811728, NULL, '2018-09-01', '08:22:08', 38, '9876', 10, 'Recibido', 2, 2, '2018-09-01', '08:22:55', 'Whatsapp', 1, NULL),
(1535811398, NULL, '2018-09-01', '08:16:38', 117, '3123', 12, 'Recibido', 2, 2, '2018-09-01', '08:18:17', 'Whatsapp', 1, NULL),
(1535811713, NULL, '2018-09-01', '08:21:53', 230, '9999', 12, 'Recibido', 2, 2, '2018-09-01', '08:22:45', 'Whatsapp', 1, NULL),
(1535811329, NULL, '2018-09-01', '08:15:29', 20, '777', 2, 'Recibido', 2, 2, '2018-09-01', '08:16:20', 'Whatsapp', 1, NULL),
(1535761671, NULL, '2018-08-31', '18:27:51', 11, '654', 8, 'Recibido', 2, 2, '2018-09-01', '08:20:07', 'Whatsapp', 1, NULL),
(1535760987, NULL, '2018-08-31', '18:16:27', 149, '123456', 8, 'Recibido', 2, 2, '2018-08-31', '18:19:44', 'Whatsapp', 1, NULL),
(1536105593, NULL, '2018-09-04', '17:59:53', 190, '4117971', 7, 'Recibido', 2, 32, '2018-09-04', '18:14:00', 'Whatsapp', 1, NULL),
(1536105610, NULL, '2018-09-04', '18:00:10', 325, '979495', 6, 'Recibido', 2, 32, '2018-09-04', '18:12:55', 'Whatsapp', 1, NULL),
(1536105632, NULL, '2018-09-04', '18:00:32', 127, 'zarcero1', 6, 'Recibido', 2, 32, '2018-09-04', '18:12:58', 'Whatsapp', 1, NULL),
(1536105655, NULL, '2018-09-04', '18:00:55', 42, '12018', 7, 'Recibido', 2, 32, '2018-09-04', '18:14:08', 'Whatsapp', 1, NULL),
(1536105711, NULL, '2018-09-04', '18:01:51', 350, '4118193', 7, 'Recibido', 2, 32, '2018-09-04', '18:14:15', 'Whatsapp', 1, NULL),
(1536105727, NULL, '2018-09-04', '18:02:07', 42, '120007', 7, 'Recibido', 2, 32, '2018-09-04', '18:14:18', 'Whatsapp', 1, NULL),
(1536105756, NULL, '2018-09-04', '18:02:36', 79, '28730', 7, 'Recibido', 2, 32, '2018-09-04', '18:14:21', 'Whatsapp', 1, NULL),
(1536105774, NULL, '2018-09-04', '18:02:54', 225, '83838', 1, 'Recibido', 2, 32, '2018-09-04', '18:14:29', 'Whatsapp', 1, NULL),
(1536114188, NULL, '2018-09-04', '20:23:08', 13, '979324', 6, 'Recibido', 31, 31, '2018-09-05', '18:27:17', 'Whatsapp', 1, NULL),
(1536114222, NULL, '2018-09-04', '20:23:42', 205, '77469', 14, 'Recibido', 31, 31, '2018-09-05', '18:23:12', 'Whatsapp', 7, NULL),
(1536114258, NULL, '2018-09-04', '20:24:18', 325, '89383', 5, 'Recibido', 31, 31, '2018-09-05', '12:13:48', 'Whatsapp', 1, NULL),
(1536114308, NULL, '2018-09-04', '20:25:08', 316, '1232853', 14, 'Recibido', 31, 31, '2018-09-11', '12:57:26', 'Whatsapp', 1, 'ya se recogio '),
(1536114342, NULL, '2018-09-04', '20:25:42', 205, '77267', 14, 'Recibido', 31, 2, '2018-09-05', '18:52:40', 'Whatsapp', 1, NULL),
(1536114377, NULL, '2018-09-04', '20:26:17', 195, '2164447', 3, 'Recibido', 31, 31, '2018-09-05', '18:28:38', 'Whatsapp', 4, NULL),
(1536114406, NULL, '2018-09-04', '20:26:46', 190, '4118265', 4, 'Recibido', 31, 32, '2018-09-06', '08:32:16', 'Whatsapp', 1, NULL),
(1536114464, NULL, '2018-09-04', '20:27:44', 337, '191788', 4, 'Recibido', 31, 31, '2018-09-11', '12:59:10', 'Whatsapp', 1, 'ya se recogio '),
(1536114510, NULL, '2018-09-04', '20:28:30', 9, '90136', 14, 'Recibido', 31, 31, '2018-09-11', '12:57:46', 'Whatsapp', 1, 'ya se recojio '),
(1536114563, NULL, '2018-09-04', '20:29:23', 195, '12164491', 3, 'Recibido', 31, 32, '2018-09-06', '08:36:24', 'Whatsapp', 1, NULL),
(1536114615, NULL, '2018-09-04', '20:30:15', 47, '039524', 11, 'Recibido', 31, 32, '2018-09-06', '08:37:55', 'Whatsapp', 1, NULL),
(1536114678, NULL, '2018-09-04', '20:31:18', 337, '193635', 4, 'Recibido', 31, 31, '2018-09-05', '17:52:07', 'Whatsapp', 13, NULL),
(1536114703, NULL, '2018-09-04', '20:31:43', 9, '90319', 9, 'Recibido', 31, 31, '2018-09-05', '12:07:20', 'Whatsapp', 3, NULL),
(1536114725, NULL, '2018-09-04', '20:32:05', 283, '28320', 14, 'Recibido', 31, 31, '2018-09-05', '12:08:41', 'Whatsapp', 3, NULL),
(1536114762, NULL, '2018-09-04', '20:32:42', 322, '90355', 14, 'Recibido', 31, 31, '2018-09-05', '12:12:59', 'Whatsapp', 3, NULL),
(1536114813, NULL, '2018-09-04', '20:33:33', 294, '4118303', 7, 'Recibido', 31, 29, '2018-09-06', '09:07:31', 'Whatsapp', 6, NULL),
(1536114839, NULL, '2018-09-04', '20:33:59', 294, '4118453', 7, 'Recibido', 31, 31, '2018-09-05', '09:22:43', 'Whatsapp', 4, NULL),
(1536114904, NULL, '2018-09-04', '20:35:04', 42, '11948', 7, 'Recibido', 31, 31, '2018-09-05', '09:21:28', 'Whatsapp', 2, NULL),
(1536114969, NULL, '2018-09-04', '20:36:09', 14, '2191104', 15, 'Recibido', 31, 31, '2018-09-05', '12:11:18', 'Whatsapp', 6, NULL),
(1536115003, NULL, '2018-09-04', '20:36:43', 20, '77451', 14, 'Recibido', 31, 31, '2018-09-05', '12:17:34', 'Whatsapp', 5, NULL),
(1536115065, NULL, '2018-09-04', '20:37:45', 13, '0979670', 6, 'Recibido', 31, 31, '2018-09-05', '12:18:15', 'Whatsapp', 1, NULL),
(1536161045, NULL, '2018-09-05', '09:24:05', 180, '4118539', 7, 'Recibido', 31, 31, '2018-09-05', '09:25:37', 'Whatsapp', 4, NULL),
(1536161084, NULL, '2018-09-05', '09:24:44', 69, '2191118', 15, 'Recibido', 27, 31, '2018-09-05', '12:09:52', 'Llamada', 2, NULL),
(1536161277, NULL, '2018-09-05', '09:27:57', 30, 'NE000031303BY', 1, 'Recibido', 31, 31, '2018-09-05', '09:30:01', 'Llamada', 5, NULL),
(1536162818, NULL, '2018-09-05', '09:53:38', 37, '193630', 4, 'Recibido', 31, 31, '2018-09-05', '12:20:21', 'Whatsapp', 11, NULL),
(1536162859, NULL, '2018-09-05', '09:54:19', 316, '1235523', 2, 'Recibido', 31, 28, '2018-09-06', '12:52:28', 'Whatsapp', 7, NULL),
(1536164046, NULL, '2018-09-05', '10:14:06', 42, '12038', 8, 'Recibido', 31, 31, '2018-09-05', '18:24:41', 'Whatsapp', 2, NULL),
(1536171671, NULL, '2018-09-05', '12:21:11', 79, '28789', 8, 'Recibido', 31, 31, '2018-09-05', '12:22:58', 'Whatsapp', 11, NULL),
(1536171929, NULL, '2018-09-05', '12:25:29', 23, '979322', 6, 'Recibido', 31, 31, '2018-09-05', '12:26:49', 'Whatsapp', 4, NULL),
(1536171981, NULL, '2018-09-05', '12:26:21', 214, '979667', 6, 'Recibido', 2, 31, '2018-09-05', '12:27:26', 'Whatsapp', 2, NULL),
(1536172004, NULL, '2018-09-05', '12:26:44', 73, '3611', 4, 'Recibido', 2, 31, '2018-09-05', '12:28:13', 'Whatsapp', 2, NULL),
(1536177515, NULL, '2018-09-05', '13:58:35', 225, '83989', 1, 'Recibido', 28, 31, '2018-09-05', '18:18:29', 'Whatsapp', 5, NULL),
(1536177658, NULL, '2018-09-05', '14:00:58', 47, '039658', 11, 'Recibido', 28, 31, '2018-09-05', '18:13:24', 'Whatsapp', 4, NULL),
(1536177722, NULL, '2018-09-05', '14:02:02', 68, '6-171675', 3, 'Recibido', 28, 32, '2018-09-06', '08:36:45', 'Whatsapp', 1, NULL),
(1536177749, NULL, '2018-09-05', '14:02:29', 155, '90386', 9, 'Recibido', 28, 31, '2018-09-06', '13:25:18', 'Whatsapp', 2, NULL),
(1536178007, NULL, '2018-09-05', '14:06:47', 14, '0193648', 15, 'Recibido', 28, 31, '2018-09-13', '10:37:21', 'Whatsapp', 1, 'se recogion '),
(1536183591, NULL, '2018-09-05', '15:39:51', 283, '28357', 9, 'Recibido', 31, 28, '2018-09-06', '12:56:03', 'Whatsapp', 2, NULL),
(1536185647, NULL, '2018-09-05', '16:14:07', 8, '2191298', 15, 'Recibido', 31, 28, '2018-09-06', '17:51:50', 'Llamada', 1, NULL),
(1536185880, NULL, '2018-09-05', '16:18:00', 9, '90431', 14, 'Recibido', 31, 31, '2018-09-05', '08:03:51', 'Whatsapp', 4, NULL),
(1536186314, NULL, '2018-09-05', '16:25:14', 248, '0351928', 12, 'Recibido', 31, 28, '2018-09-06', '13:03:07', 'Llamada', 1, NULL),
(1536186736, NULL, '2018-09-05', '16:32:16', 195, '2-164578', 3, 'Recibido', 31, 31, '2018-09-05', '18:11:32', 'Whatsapp', 36, NULL),
(1536189070, NULL, '2018-09-05', '17:11:10', 265, '31304', 8, 'Recibido', 31, 28, '2018-09-06', '13:03:59', 'Whatsapp', 2, NULL),
(1536190953, NULL, '2018-09-05', '17:42:33', 332, '2191336', 15, 'Recibido', 31, 28, '2018-09-06', '17:52:35', 'Llamada', 5, NULL),
(1536191603, NULL, '2018-09-05', '17:53:23', 313, '1235110', 2, 'Recibido', 31, 31, '2018-09-05', '17:54:34', 'Whatsapp', 5, NULL),
(1536191824, NULL, '2018-09-05', '17:57:04', 195, '6171477', 3, 'Recibido', 31, 28, '2018-09-06', '12:54:01', 'Whatsapp', 4, NULL),
(1536191872, NULL, '2018-09-05', '17:57:52', 195, '2164354', 3, 'Recibido', 31, 31, '2018-09-05', '18:25:15', 'Whatsapp', 1, NULL),
(1536191906, NULL, '2018-09-05', '17:58:26', 99, '3648', 4, 'Recibido', 31, 31, '2018-09-05', '18:26:54', 'Whatsapp', 2, NULL),
(1536191934, NULL, '2018-09-05', '17:58:54', 291, '39648', 11, 'Recibido', 31, 31, '2018-09-05', '18:05:34', 'Whatsapp', 8, NULL),
(1536191962, NULL, '2018-09-05', '17:59:22', 205, '77537', 14, 'Recibido', 31, 31, '2018-09-05', '18:15:10', 'Whatsapp', 4, NULL),
(1536192066, NULL, '2018-09-05', '18:01:06', 80, '1235353', 2, 'Recibido', 31, 31, '2018-09-05', '18:20:50', 'Llamada', 10, NULL),
(1536192153, NULL, '2018-09-05', '18:02:33', 20, '77579', 14, 'Recibido', 31, 28, '2018-09-06', '12:57:09', 'Whatsapp', 4, NULL),
(1536252144, NULL, '2018-09-06', '10:42:24', 68, '6-171719', 3, 'Recibido', 27, 28, '2018-09-06', '17:53:57', 'Whatsapp', 20, NULL),
(1536252260, NULL, '2018-09-06', '10:44:20', 37, '193726', 4, 'Recibido', 27, 28, '2018-09-06', '12:59:27', 'Whatsapp', 8, NULL),
(1536252347, NULL, '2018-09-06', '10:45:47', 205, 'lim-77537', 9, 'Recibido', 27, 31, '2018-09-12', '12:53:14', 'Whatsapp', 1, 'recibida'),
(1536252694, NULL, '2018-09-06', '10:51:34', 180, '4-118185', 7, 'Recibido', 27, 28, '2018-09-06', '13:11:21', 'Whatsapp', 13, NULL),
(1536252814, NULL, '2018-09-06', '10:53:34', 79, '28820', 8, 'Recibido', 31, 28, '2018-09-06', '13:02:12', 'Whatsapp', 11, NULL),
(1536252978, NULL, '2018-09-06', '10:56:18', 350, 'no incluye', 7, 'Recibido', 28, 28, '2018-09-06', '10:56:50', 'Whatsapp', 4, NULL),
(1536254589, NULL, '2018-09-06', '11:23:09', 9, '90534', 14, 'Recibido', 31, 28, '2018-09-07', '12:43:35', 'Whatsapp', 2, NULL),
(1536255670, NULL, '2018-09-06', '11:41:10', 37, '|193559', 4, 'Recibido', 31, 28, '2018-09-07', '12:46:43', 'Whatsapp', 9, NULL),
(1536257092, NULL, '2018-09-06', '12:04:52', 128, '4-118672', 4, 'Recibido', 31, 28, '2018-09-06', '13:07:33', 'Whatsapp', 8, NULL),
(1536261173, NULL, '2018-09-06', '13:12:53', 190, '4-118687', 7, 'Recibido', 31, 31, '2018-09-06', '13:17:47', 'Whatsapp', 4, NULL),
(1536261518, NULL, '2018-09-06', '13:18:38', 349, '979332', 6, 'Recibido', 31, 31, '2018-09-06', '13:23:25', 'Whatsapp', 2, NULL),
(1536261555, NULL, '2018-09-06', '13:19:15', 108, '1236252', 2, 'Recibido', 31, 31, '2018-09-06', '13:21:34', 'Whatsapp', 4, NULL),
(1536261590, NULL, '2018-09-06', '13:19:50', 294, '4-117763', 7, 'Recibido', 31, 31, '2018-09-06', '13:22:07', 'Whatsapp', 2, NULL),
(1536261617, NULL, '2018-09-06', '13:20:17', 214, '979737', 6, 'Recibido', 31, 31, '2018-09-06', '13:24:48', 'Whatsapp', 4, NULL),
(1536270299, NULL, '2018-09-06', '15:44:59', 225, '84052', 1, 'Recibido', 28, 29, '2018-09-10', '17:58:18', 'Llamada', 3, NULL),
(1536275186, NULL, '2018-09-06', '17:06:26', 205, '77631', 9, 'Recibido', 31, 28, '2018-09-07', '12:52:02', 'Whatsapp', 2, NULL),
(1536278096, NULL, '2018-09-06', '17:54:56', 8, '2191452', 15, 'Recibido', 28, 28, '2018-09-06', '17:55:31', 'Whatsapp', 4, NULL),
(1536279887, NULL, '2018-09-06', '18:24:47', 13, '979794', 6, 'Recibido', 28, 28, '2018-09-07', '08:52:42', 'Whatsapp', 2, NULL),
(1536279919, NULL, '2018-09-06', '18:25:19', 195, '2-164605', 3, 'Recibido', 28, 28, '2018-09-08', '12:32:29', 'Whatsapp', 1, NULL),
(1536279993, NULL, '2018-09-06', '18:26:33', 337, '0193569', 4, 'Recibido', 28, 28, '2018-09-07', '12:59:04', 'Whatsapp', 10, NULL),
(1536280100, NULL, '2018-09-06', '18:28:20', 80, '1237027', 2, 'Recibido', 28, 29, '2018-09-07', '17:39:08', 'Whatsapp', 6, NULL),
(1536281335, NULL, '2018-09-06', '18:48:55', 325, '0979324', 6, 'Recibido', 28, 32, '2018-09-14', '18:33:04', 'Whatsapp', 1, NULL),
(1536332065, NULL, '2018-09-07', '08:54:25', 127, 'sin guia', 6, 'Recibido', 28, 28, '2018-09-07', '09:01:09', 'Whatsapp', 2, NULL),
(1536332165, NULL, '2018-09-07', '08:56:05', 68, '6-171396', 3, 'Recibido', 28, 31, '2018-09-12', '12:05:04', 'Whatsapp', 1, 'recogida'),
(1536332240, NULL, '2018-09-07', '08:57:20', 23, '979337', 6, 'Recibido', 28, 28, '2018-09-07', '09:00:46', 'Whatsapp', 3, NULL),
(1536332268, NULL, '2018-09-07', '08:57:48', 23, '979343', 6, 'Recibido', 28, 28, '2018-09-07', '08:59:57', 'Whatsapp', 4, NULL),
(1536332295, NULL, '2018-09-07', '08:58:15', 214, '979803', 6, 'Recibido', 28, 28, '2018-09-07', '08:58:51', 'Whatsapp', 1, NULL),
(1536333349, NULL, '2018-09-07', '09:15:49', 79, '28844', 8, 'Recibido', 31, 28, '2018-09-07', '12:50:05', 'Whatsapp', 7, NULL),
(1536333949, NULL, '2018-09-07', '09:25:49', 325, '979350', 6, 'Recibido', 31, 30, '2018-09-10', '08:42:25', 'Whatsapp', 2, NULL),
(1536337987, NULL, '2018-09-07', '10:33:07', 294, '4-118827', 8, 'Recibido', 31, 28, '2018-09-08', '12:44:35', 'Whatsapp', 4, NULL),
(1536340429, NULL, '2018-09-07', '11:13:49', 132, '90582', 14, 'Recibido', 29, 28, '2018-09-07', '12:51:12', 'Llamada', 3, NULL),
(1536344869, NULL, '2018-09-07', '12:27:49', 20, '77730', 9, 'Recibido', 31, 28, '2018-09-08', '12:47:21', 'Whatsapp', 6, NULL),
(1536346823, NULL, '2018-09-07', '13:00:23', 85, '2191535', 15, 'Recibido', 28, 28, '2018-09-07', '13:05:30', 'Whatsapp', 4, NULL),
(1536346845, NULL, '2018-09-07', '13:00:45', 322, '906525', 9, 'Recibido', 28, 28, '2018-09-07', '13:02:58', 'Whatsapp', 1, NULL),
(1536350463, NULL, '2018-09-07', '14:01:03', 316, '1237260', 2, 'Recibido', 28, 29, '2018-09-07', '17:41:38', 'Whatsapp', 11, NULL),
(1536350649, NULL, '2018-09-07', '14:04:09', 214, '0979803', 6, 'Recibido', 28, 31, '2018-09-12', '13:02:40', 'Whatsapp', 1, 'recibido'),
(1536353977, NULL, '2018-09-07', '14:59:37', 7, '84129', 1, 'Recibido', 29, 32, '2018-09-10', '12:53:51', 'Llamada', 4, NULL),
(1536363779, NULL, '2018-09-07', '17:42:59', 148, '039251', 11, 'Recibido', 29, 29, '2018-09-07', '17:43:42', 'Whatsapp', 2, NULL),
(1536363856, NULL, '2018-09-07', '17:44:16', 316, '1236899', 2, 'Recibido', 29, 29, '2018-09-07', '17:46:18', 'Whatsapp', 3, NULL),
(1536366899, NULL, '2018-09-07', '18:34:59', 80, '1237873', 2, 'Recibido', 28, 28, '2018-09-08', '12:35:56', 'Whatsapp', 11, NULL),
(1536368050, NULL, '2018-09-07', '18:54:10', 322, '90625', 9, 'Recibido', 28, 31, '2018-09-14', '18:38:28', 'Whatsapp', 1, NULL),
(1536429603, NULL, '2018-09-08', '12:00:03', 337, '193662', 4, 'Recibido', 30, 32, '2018-09-10', '13:03:29', 'Whatsapp', 8, NULL),
(1536429708, NULL, '2018-09-08', '12:01:48', 214, '979879', 6, 'Recibido', 30, 30, '2018-09-10', '08:47:58', 'Whatsapp', 4, NULL),
(1536431822, NULL, '2018-09-08', '12:37:02', 9, '90639', 9, 'Recibido', 28, 28, '2018-09-08', '12:38:20', 'Whatsapp', 3, NULL),
(1536431930, NULL, '2018-09-08', '12:38:50', 155, '90686', 9, 'Recibido', 28, 28, '2018-09-08', '12:39:31', 'Whatsapp', 1, NULL),
(1536432093, NULL, '2018-09-08', '12:41:33', 79, '28874', 8, 'Recibido', 28, 28, '2018-09-08', '12:42:41', 'Whatsapp', 6, NULL),
(1536432335, NULL, '2018-09-08', '12:45:35', 37, '3588', 4, 'Recibido', 28, 28, '2018-09-08', '12:50:23', 'Whatsapp', 8, NULL),
(1536433327, NULL, '2018-09-08', '13:02:07', 68, '1-1934124', 3, 'Recibido', 28, 31, '2018-09-12', '12:08:27', 'Whatsapp', 1, 'se recogio'),
(1536433479, NULL, '2018-09-08', '13:04:39', 128, '1404050', 8, 'Recibido', 28, 31, '2018-09-12', '13:05:08', 'Whatsapp', 1, 'no existe '),
(1536437781, NULL, '2018-09-08', '14:16:21', 68, '6-171820', 3, 'Recibido', 28, 31, '2018-09-12', '12:08:08', 'Whatsapp', 1, 'se recgio'),
(1536590430, NULL, '2018-09-10', '08:40:30', 145, 'siq-28432', 9, 'Recibido', 30, 32, '2018-09-10', '12:49:22', 'Llamada', 1, NULL),
(1536590457, NULL, '2018-09-10', '08:40:57', 80, '1238325', 2, 'Recibido', 30, 32, '2018-09-10', '12:50:34', 'Whatsapp', 4, NULL),
(1536590478, NULL, '2018-09-10', '08:41:18', 14, '2191865', 15, 'Recibido', 30, 32, '2018-09-10', '13:09:22', 'Llamada', 19, NULL),
(1536591981, NULL, '2018-09-10', '09:06:21', 287, '979816', 6, 'Recibido', 30, 30, '2018-09-10', '09:07:24', 'Whatsapp', 4, NULL),
(1536592652, NULL, '2018-09-10', '09:17:32', 253, '2191813', 15, 'Recibido', 31, 32, '2018-09-10', '13:04:57', 'Whatsapp', 3, NULL),
(1536592714, NULL, '2018-09-10', '09:18:34', 225, '84159', 1, 'Recibido', 31, 32, '2018-09-10', '12:47:26', 'Whatsapp', 3, NULL),
(1536593957, NULL, '2018-09-10', '09:39:17', 145, '28447', 14, 'Recibido', 30, 31, '2018-09-11', '12:58:16', 'Llamada', 1, 'ya se recogio '),
(1536595598, NULL, '2018-09-10', '10:06:38', 2, '90731', 9, 'Recibido', 31, 32, '2018-09-10', '12:45:49', 'Whatsapp', 3, NULL),
(1536595663, NULL, '2018-09-10', '10:07:43', 2, '90778', 9, 'Recibido', 31, 32, '2018-09-10', '12:48:14', 'Whatsapp', 3, NULL),
(1536595713, NULL, '2018-09-10', '10:08:33', 242, '1238364', 2, 'Recibido', 31, 32, '2018-09-10', '12:51:17', 'Whatsapp', 1, NULL),
(1536596915, NULL, '2018-09-10', '10:28:35', 325, '979885', 6, 'Recibido', 31, 29, '2018-09-10', '17:52:48', 'Whatsapp', 1, NULL),
(1536598885, NULL, '2018-09-10', '11:01:25', 325, '92197', 10, 'Recibido', 31, 27, '2018-09-11', '11:02:00', 'Whatsapp', 1, NULL),
(1536599161, NULL, '2018-09-10', '11:06:01', 283, '28185', 9, 'Recibido', 31, 31, '2018-09-11', '16:04:46', 'Whatsapp', 1, NULL),
(1536599251, NULL, '2018-09-10', '11:07:31', 190, '4-117971', 4, 'Recibido', 31, 31, '2018-09-11', '12:59:26', 'Whatsapp', 1, 'ya se recogio '),
(1536599709, NULL, '2018-09-10', '11:15:09', 205, '77828', 9, 'Recibido', 31, 31, '2018-09-11', '16:03:41', 'Whatsapp', 1, NULL),
(1536599843, NULL, '2018-09-10', '11:17:23', 9, '90049', 9, 'Recibido', 31, 32, '2018-09-14', '18:32:54', 'Whatsapp', 1, NULL),
(1536599993, NULL, '2018-09-10', '11:19:53', 195, '2-164447', 3, 'Recibido', 31, 31, '2018-09-13', '10:34:44', 'Whatsapp', 1, 'se recogio'),
(1536600287, NULL, '2018-09-10', '11:24:47', 195, '2-164491', 3, 'Recibido', 31, 31, '2018-09-13', '10:35:03', 'Whatsapp', 1, 'se recogio'),
(1536600581, NULL, '2018-09-10', '11:29:41', 128, '4-118910', 7, 'Recibido', 31, 32, '2018-09-10', '13:11:58', 'Whatsapp', 1, NULL),
(1536601773, NULL, '2018-09-10', '11:49:33', 9, '90799', 9, 'Recibido', 31, 31, '2018-09-11', '15:58:55', 'Whatsapp', 1, NULL),
(1536603523, NULL, '2018-09-10', '12:18:43', 294, '4-119002', 7, 'Recibido', 31, 29, '2018-09-13', '09:33:11', 'Whatsapp', 3, NULL),
(1536605403, NULL, '2018-09-10', '12:50:03', 99, '3597', 4, 'Recibido', 31, 32, '2018-09-10', '12:52:12', 'Whatsapp', 3, NULL),
(1536605450, NULL, '2018-09-10', '12:50:50', 291, '1111111', 11, 'Recibido', 31, 32, '2018-09-10', '13:00:52', 'Whatsapp', 4, NULL),
(1536605536, NULL, '2018-09-10', '12:52:16', 294, '4-118939', 7, 'Recibido', 31, 32, '2018-09-10', '12:55:09', 'Whatsapp', 4, NULL),
(1536605568, NULL, '2018-09-10', '12:52:48', 47, '111112', 11, 'Recibido', 31, 32, '2018-09-10', '12:57:29', 'Whatsapp', 7, NULL),
(1536605650, NULL, '2018-09-10', '12:54:10', 205, '77798', 9, 'Recibido', 31, 32, '2018-09-10', '13:06:12', 'Whatsapp', 2, NULL),
(1536606784, NULL, '2018-09-10', '13:13:04', 8, '2191877', 15, 'Recibido', 31, 31, '2018-09-10', '13:17:13', 'Whatsapp', 5, NULL),
(1536606808, NULL, '2018-09-10', '13:13:28', 69, '2191859', 15, 'Recibido', 31, 31, '2018-09-10', '13:16:04', 'Whatsapp', 10, NULL),
(1536618234, NULL, '2018-09-10', '16:23:54', 7, '84221', 1, 'Recibido', 30, 31, '2018-09-11', '13:01:20', 'Llamada', 6, NULL),
(1536623672, NULL, '2018-09-10', '17:54:32', 127, '1', 6, 'Recibido', 29, 29, '2018-09-10', '17:56:50', 'Whatsapp', 3, NULL),
(1536623734, NULL, '2018-09-10', '17:55:34', 287, '79889', 6, 'Recibido', 29, 29, '2018-09-10', '17:59:45', 'Whatsapp', 4, NULL),
(1536627470, NULL, '2018-09-10', '18:57:50', 80, '1238925', 2, 'Recibido', 29, 31, '2018-09-11', '17:35:57', 'Whatsapp', 6, NULL),
(1536627739, NULL, '2018-09-10', '19:02:19', 13, '979940', 6, 'Recibido', 28, 31, '2018-09-11', '13:10:04', 'Whatsapp', 2, NULL),
(1536629018, NULL, '2018-09-10', '19:23:38', 20, '77841', 9, 'Recibido', 31, 31, '2018-09-11', '16:18:58', 'Whatsapp', 5, NULL),
(1536629113, NULL, '2018-09-10', '19:25:13', 68, '6171867', 3, 'Recibido', 31, 31, '2018-09-11', '13:08:50', 'Whatsapp', 3, NULL),
(1536629147, NULL, '2018-09-10', '19:25:47', 68, '6171820', 3, 'Recibido', 31, 31, '2018-09-11', '13:07:21', 'Whatsapp', 10, NULL),
(1536629214, NULL, '2018-09-10', '19:26:54', 42, '12076', 8, 'Recibido', 31, 31, '2018-09-11', '13:05:53', 'Whatsapp', 3, NULL),
(1536675710, NULL, '2018-09-11', '08:21:50', 316, '1238501', 2, 'Recibido', 29, 29, '2018-09-11', '08:26:30', 'Whatsapp', 5, NULL),
(1536675732, NULL, '2018-09-11', '08:22:12', 108, '1238964', 2, 'Recibido', 29, 29, '2018-09-11', '08:25:14', 'Whatsapp', 4, NULL),
(1536675754, NULL, '2018-09-11', '08:22:34', 313, '1238846', 2, 'Recibido', 29, 29, '2018-09-11', '08:24:22', 'Whatsapp', 6, NULL),
(1536680571, NULL, '2018-09-11', '09:42:51', 7, '842221', 1, 'Recibido', 29, 31, '2018-09-12', '12:10:51', 'Whatsapp', 1, 'se recogio'),
(1536684677, NULL, '2018-09-11', '10:51:17', 30, '856523 cr', 16, 'Recibido', 30, 30, '2018-09-11', '10:52:45', 'Whatsapp', 2, NULL),
(1536684709, NULL, '2018-09-11', '10:51:49', 37, '165645', 16, 'Recibido', 30, 30, '2018-09-11', '10:52:24', 'Whatsapp', 8, NULL),
(1536686076, NULL, '2018-09-11', '11:14:36', 294, '4119069', 4, 'Recibido', 31, 31, '2018-09-12', '12:04:00', 'Whatsapp', 1, 'se repitio'),
(1536686105, NULL, '2018-09-11', '11:15:05', 316, '1239192', 2, 'Recibido', 29, 29, '2018-09-12', '08:18:46', 'Whatsapp', 7, NULL),
(1536686110, NULL, '2018-09-11', '11:15:10', 190, '4119055', 4, 'Recibido', 31, 30, '2018-09-12', '12:05:32', 'Whatsapp', 4, NULL),
(1536690415, NULL, '2018-09-11', '12:26:55', 79, '28913', 8, 'Recibido', 31, 30, '2018-09-12', '12:09:29', 'Whatsapp', 10, NULL),
(1536693030, NULL, '2018-09-11', '13:10:30', 214, '979947', 6, 'Recibido', 31, 31, '2018-09-11', '13:11:12', 'Whatsapp', 6, NULL),
(1536696738, NULL, '2018-09-11', '14:12:18', 7, '84287', 15, 'Recibido', 31, 29, '2018-09-13', '09:44:31', 'Whatsapp', 3, NULL),
(1536704530, NULL, '2018-09-11', '16:22:10', 283, '28466', 9, 'Recibido', 31, 31, '2018-09-11', '16:25:15', 'Whatsapp', 17, NULL),
(1536705012, NULL, '2018-09-11', '16:30:12', 195, '2-164720', 3, 'Recibido', 31, 31, '2018-09-13', '10:35:20', 'Whatsapp', 1, 'se recogio'),
(1536705517, NULL, '2018-09-11', '16:38:37', 294, '4-119069', 7, 'Recibido', 31, 30, '2018-09-12', '12:04:04', 'Whatsapp', 1, NULL),
(1536705556, NULL, '2018-09-11', '16:39:16', 128, '4-119052', 7, 'Recibido', 31, 30, '2018-09-12', '12:08:07', 'Whatsapp', 12, NULL),
(1536709083, NULL, '2018-09-11', '17:38:03', 47, '39924', 11, 'Recibido', 31, 31, '2018-09-11', '17:38:37', 'Whatsapp', 4, NULL),
(1536709213, NULL, '2018-09-11', '17:40:13', 291, '39878', 11, 'Recibido', 31, 31, '2018-09-11', '17:41:43', 'Whatsapp', 9, NULL),
(1536710429, NULL, '2018-09-11', '18:00:29', 148, '39896', 11, 'Recibido', 29, 29, '2018-09-11', '18:01:48', 'Whatsapp', 5, NULL),
(1536711385, NULL, '2018-09-11', '18:16:25', 9, '90915', 9, 'Recibido', 28, 30, '2018-09-12', '12:01:55', 'Whatsapp', 2, NULL),
(1536711409, NULL, '2018-09-11', '18:16:49', 283, '28489', 14, 'Recibido', 28, 31, '2018-09-13', '10:36:23', 'Whatsapp', 1, 'se recogio'),
(1536765581, NULL, '2018-09-12', '09:19:41', 37, '4940', 16, 'Recibido', 28, 28, '2018-09-12', '09:22:35', 'Whatsapp', 16, NULL),
(1536766039, NULL, '2018-09-12', '09:27:19', 180, '4119116', 7, 'Recibido', 29, 30, '2018-09-12', '12:01:09', 'Whatsapp', 3, NULL),
(1536768473, NULL, '2018-09-12', '10:07:53', 253, '2192373', 15, 'Recibido', 27, 30, '2018-09-12', '16:52:04', 'Llamada', 1, NULL),
(1536770155, NULL, '2018-09-12', '10:35:55', 355, '978039', 10, 'Recibido', 29, 30, '2018-09-12', '16:48:33', 'Whatsapp', 3, NULL),
(1536772297, NULL, '2018-09-12', '11:11:37', 99, '0193696', 4, 'Recibido', 31, 29, '2018-09-14', '12:54:39', 'Whatsapp', 3, NULL),
(1536772323, NULL, '2018-09-12', '11:12:03', 322, '90997', 9, 'Recibido', 31, 29, '2018-09-13', '09:49:39', 'Whatsapp', 1, NULL),
(1536773913, NULL, '2018-09-12', '11:38:33', 145, '28518', 9, 'Recibido', 31, 30, '2018-09-12', '16:51:29', 'Whatsapp', 1, NULL),
(1536775858, NULL, '2018-09-12', '12:10:58', 79, '28921', 7, 'Recibido', 30, 30, '2018-09-12', '12:19:24', 'Whatsapp', 8, NULL),
(1536775881, NULL, '2018-09-12', '12:11:21', 13, '978029', 6, 'Recibido', 30, 30, '2018-09-12', '12:18:16', 'Whatsapp', 1, NULL),
(1536775901, NULL, '2018-09-12', '12:11:41', 23, '979356', 6, 'Recibido', 30, 30, '2018-09-12', '12:25:32', 'Whatsapp', 6, NULL),
(1536775935, NULL, '2018-09-12', '12:12:15', 322, '90892', 9, 'Recibido', 30, 30, '2018-09-12', '12:24:44', 'Whatsapp', 4, NULL),
(1536775950, NULL, '2018-09-12', '12:12:30', 14, '2192313', 15, 'Recibido', 30, 30, '2018-09-12', '12:17:49', 'Whatsapp', 3, NULL),
(1536775979, NULL, '2018-09-12', '12:12:59', 195, 'NO TRAE', 3, 'Recibido', 30, 30, '2018-09-12', '12:15:42', 'Whatsapp', 2, NULL),
(1536776001, NULL, '2018-09-12', '12:13:21', 15, '979358', 6, 'Recibido', 30, 30, '2018-09-12', '12:16:36', 'Whatsapp', 6, NULL),
(1536776023, NULL, '2018-09-12', '12:13:43', 214, '978027', 6, 'Recibido', 30, 30, '2018-09-12', '12:14:08', 'Whatsapp', 1, NULL),
(1536777547, NULL, '2018-09-12', '12:39:07', 20, '77987', 14, 'Recibido', 29, 30, '2018-09-12', '16:56:34', 'Whatsapp', 5, NULL),
(1536777809, NULL, '2018-09-12', '12:43:29', 350, '4119153', 7, 'Recibido', 29, 29, '2018-09-13', '09:37:44', 'Whatsapp', 3, NULL),
(1536778683, NULL, '2018-09-12', '12:58:03', 128, '4-119116', 7, 'Recibido', 31, 32, '2018-09-14', '18:33:17', 'Whatsapp', 1, NULL),
(1536783986, NULL, '2018-09-12', '14:26:26', 214, '0978027', 6, 'Recibido', 29, 31, '2018-09-13', '10:38:08', 'Whatsapp', 1, 'se recogio '),
(1536792617, NULL, '2018-09-12', '16:50:17', 127, '12-9-18', 6, 'Recibido', 30, 30, '2018-09-12', '16:50:49', 'Whatsapp', 4, NULL),
(1536792808, NULL, '2018-09-12', '16:53:28', 8, '2192394', 15, 'Recibido', 30, 30, '2018-09-12', '16:54:03', 'Whatsapp', 8, NULL),
(1536793690, NULL, '2018-09-12', '17:08:10', 14, '2192519', 15, 'Recibido', 30, 29, '2018-09-13', '09:37:04', 'Llamada', 3, NULL),
(1536794140, NULL, '2018-09-12', '17:15:40', 80, '1240330', 2, 'Recibido', 31, 29, '2018-09-13', '08:50:36', 'Whatsapp', 5, NULL),
(1536794165, NULL, '2018-09-12', '17:16:05', 223, '1240123', 2, 'Recibido', 31, 29, '2018-09-13', '08:56:07', 'Whatsapp', 1, NULL),
(1536794284, NULL, '2018-09-12', '17:18:04', 242, '1240360', 2, 'Recibido', 31, 30, '2018-09-13', '17:32:50', 'Whatsapp', 5, NULL),
(1536794408, NULL, '2018-09-12', '17:20:08', 42, 'ws003887426cr', 16, 'Recibido', 31, 32, '2018-09-14', '18:32:42', 'Whatsapp', 1, NULL),
(1536795813, NULL, '2018-09-12', '17:43:33', 128, '4-119200', 7, 'Recibido', 31, 29, '2018-09-13', '09:36:03', 'Whatsapp', 9, NULL),
(1536796999, NULL, '2018-09-12', '18:03:19', 155, '91053', 9, 'Recibido', 31, 29, '2018-09-13', '09:46:09', 'Whatsapp', 4, NULL),
(1536797079, NULL, '2018-09-12', '18:04:39', 68, '2-164755', 3, 'Recibido', 31, 31, '2018-09-13', '10:35:46', 'Whatsapp', 1, 'se recogio'),
(1536849055, NULL, '2018-09-13', '08:30:55', 190, '4119217', 7, 'Recibido', 29, 29, '2018-09-13', '09:48:55', 'Whatsapp', 1, NULL),
(1536850344, NULL, '2018-09-13', '08:52:24', 108, '1240319', 2, 'Recibido', 29, 29, '2018-09-13', '08:54:59', 'Whatsapp', 7, NULL),
(1536850607, NULL, '2018-09-13', '08:56:47', 313, '1240167', 2, 'Recibido', 29, 29, '2018-09-13', '08:57:31', 'Whatsapp', 3, NULL),
(1536853137, NULL, '2018-09-13', '09:38:57', 214, '978088', 6, 'Recibido', 29, 29, '2018-09-13', '09:39:24', 'Whatsapp', 1, NULL),
(1536853384, NULL, '2018-09-13', '09:43:04', 325, '979381', 6, 'Recibido', 29, 29, '2018-09-14', '09:04:09', 'Whatsapp', 1, NULL),
(1536853617, NULL, '2018-09-13', '09:46:57', 205, '77923', 9, 'Recibido', 29, 29, '2018-09-13', '09:47:25', 'Whatsapp', 1, NULL),
(1536853969, NULL, '2018-09-13', '09:52:49', 37, '166813cz', 16, 'Recibido', 29, 29, '2018-09-13', '09:54:26', 'Whatsapp', 8, NULL),
(1536854113, NULL, '2018-09-13', '09:55:13', 7, '70856537cr', 16, 'Recibido', 29, 29, '2018-09-13', '09:56:09', 'Whatsapp', 2, NULL),
(1536856380, NULL, '2018-09-13', '10:33:00', 79, '28949', 3, 'Recibido', 31, 29, '2018-09-14', '09:06:34', 'Whatsapp', 2, NULL),
(1536856784, NULL, '2018-09-13', '10:39:44', 337, '193756', 7, 'Recibido', 31, 31, '2018-09-14', '18:38:07', 'Whatsapp', 1, NULL),
(1536857176, NULL, '2018-09-13', '10:46:16', 195, '12164755', 3, 'Recibido', 27, 27, '2018-09-13', '10:47:37', 'Whatsapp', 6, NULL),
(1536860351, NULL, '2018-09-13', '11:39:11', 68, '6-171993', 3, 'Recibido', 30, 29, '2018-09-14', '12:58:44', 'Whatsapp', 4, NULL),
(1536860395, NULL, '2018-09-13', '11:39:55', 350, '4-119250', 7, 'Recibido', 30, 29, '2018-09-14', '09:04:37', 'Whatsapp', 2, NULL),
(1536862216, NULL, '2018-09-13', '12:10:16', 205, '78050', 9, 'Recibido', 30, 29, '2018-09-14', '12:55:21', 'Whatsapp', 2, NULL),
(1536863405, NULL, '2018-09-13', '12:30:05', 148, '40005', 11, 'Recibido', 30, 30, '2018-09-13', '12:35:18', 'Whatsapp', 4, NULL),
(1536863557, NULL, '2018-09-13', '12:32:37', 291, '39991', 11, 'Recibido', 30, 30, '2018-09-13', '12:33:16', 'Whatsapp', 4, NULL),
(1536867463, NULL, '2018-09-13', '13:37:43', 42, '3887426CR', 16, 'Recibido', 30, 30, '2018-09-13', '17:30:57', 'Whatsapp', 5, NULL),
(1536869383, NULL, '2018-09-13', '14:09:43', 9, '91106', 14, 'Recibido', 30, 30, '2018-09-13', '17:34:26', 'Whatsapp', 4, NULL),
(1536876040, NULL, '2018-09-13', '16:00:40', 47, '40045', 11, 'Recibido', 30, 32, '2018-09-14', '18:34:06', 'Whatsapp', 6, NULL),
(1536880503, NULL, '2018-09-13', '17:15:03', 2, '91145', 9, 'Recibido', 30, 29, '2018-09-14', '12:53:46', 'Whatsapp', 1, NULL),
(1536881709, NULL, '2018-09-13', '17:35:09', 287, '978101', 6, 'Recibido', 30, 30, '2018-09-13', '17:40:26', 'Whatsapp', 4, NULL),
(1536884775, NULL, '2018-09-13', '18:26:15', 283, '28551', 14, 'Recibido', 30, 29, '2018-09-14', '12:59:33', 'Whatsapp', 2, NULL),
(1536884971, NULL, '2018-09-13', '18:29:31', 69, '2192696', 15, 'Recibido', 30, 29, '2018-09-14', '12:57:26', 'Whatsapp', 1, NULL),
(1536885060, NULL, '2018-09-13', '18:31:00', 195, '2-164789', 3, 'Recibido', 30, 29, '2018-09-14', '13:01:21', 'Whatsapp', 1, NULL),
(1536937641, NULL, '2018-09-14', '09:07:21', 23, '979383', 6, 'Recibido', 29, 29, '2018-09-14', '09:09:14', 'Whatsapp', 3, NULL),
(1536943020, NULL, '2018-09-14', '10:37:00', 2, '91194', 19, 'Recibido', 29, 32, '2018-09-14', '18:31:52', 'Whatsapp', 1, NULL),
(1536951046, NULL, '2018-09-14', '12:50:46', 337, '3756', 7, 'Recibido', 29, 29, '2018-09-14', '12:52:20', 'Whatsapp', 16, NULL),
(1536951626, NULL, '2018-09-14', '13:00:26', 14, '2192694', 15, 'Recibido', 29, 29, '2018-09-14', '13:00:51', 'Whatsapp', 1, NULL),
(1536957004, NULL, '2018-09-14', '14:30:04', 9, 'gp 91204', 19, 'Recibido', 29, 32, '2018-09-14', '18:32:16', 'Whatsapp', 1, NULL),
(1536963182, NULL, '2018-09-14', '16:13:02', 337, '193785', 4, 'Recibido', 31, 31, '2018-09-17', '17:59:31', 'Whatsapp', 10, NULL),
(1536965726, NULL, '2018-09-14', '16:55:26', 253, '2192853', 15, 'Recibido', 27, 29, '2018-09-17', '12:55:33', 'Llamada', 2, NULL),
(1536971768, NULL, '2018-09-14', '18:36:08', 15, '979392', 6, 'Recibido', 31, 31, '2018-09-14', '18:37:43', 'Whatsapp', 4, NULL),
(1536971800, NULL, '2018-09-14', '18:36:40', 148, '40054', 11, 'Recibido', 31, 31, '2018-09-14', '18:37:16', 'Whatsapp', 5, NULL),
(1536974868, NULL, '2018-09-14', '19:27:48', 80, '1241729', 2, 'Recibido', 31, 31, '2018-09-17', '18:02:17', 'Whatsapp', 5, NULL),
(1536974931, NULL, '2018-09-14', '19:28:51', 128, '4-119368', 7, 'Recibido', 31, 31, '2018-09-17', '17:41:37', 'Whatsapp', 7, NULL),
(1537196162, NULL, '2018-09-17', '08:56:02', 14, '2192875', 15, 'Recibido', 30, 29, '2018-09-17', '12:53:39', 'Llamada', 4, NULL),
(1537196783, NULL, '2018-09-17', '09:06:23', 265, '31452', 7, 'Recibido', 30, 30, '2018-09-17', '09:10:13', 'Whatsapp', 2, NULL),
(1537196804, NULL, '2018-09-17', '09:06:44', 2, '91248', 19, 'Recibido', 30, 30, '2018-09-17', '09:09:29', 'Whatsapp', 2, NULL),
(1537196835, NULL, '2018-09-17', '09:07:15', 79, '28970', 7, 'Recibido', 30, 30, '2018-09-17', '09:08:22', 'Whatsapp', 3, NULL),
(1537197100, NULL, '2018-09-17', '09:11:40', 79, '28983', 8, 'Recibido', 31, 29, '2018-09-18', '13:08:18', 'Whatsapp', 5, NULL),
(1537197173, NULL, '2018-09-17', '09:12:53', 190, '4-119375', 7, 'Recibido', 31, 31, '2018-09-17', '17:54:09', 'Whatsapp', 3, NULL),
(1537202596, NULL, '2018-09-17', '10:43:16', 30, '6545', 16, 'Recibido', 28, 28, '2018-09-17', '10:48:35', 'Whatsapp', 2, NULL),
(1537202642, NULL, '2018-09-17', '10:44:02', 37, '7133', 16, 'Recibido', 28, 28, '2018-09-17', '10:49:04', 'Whatsapp', 5, NULL),
(1537202697, NULL, '2018-09-17', '10:44:57', 73, '7218', 16, 'Recibido', 28, 28, '2018-09-17', '10:47:53', 'Whatsapp', 3, NULL),
(1537202739, NULL, '2018-09-17', '10:45:39', 37, '7575', 16, 'Recibido', 28, 28, '2018-09-17', '10:47:13', 'Whatsapp', 12, NULL),
(1537209927, NULL, '2018-09-17', '12:45:27', 190, '119375', 7, 'Pendiente', 30, NULL, NULL, NULL, 'Whatsapp', 2, NULL),
(1537209954, NULL, '2018-09-17', '12:45:54', 325, '978204', 6, 'Recibido', 30, 29, '2018-09-17', '17:37:30', 'Whatsapp', 1, NULL),
(1537209990, NULL, '2018-09-17', '12:46:30', 242, '1241537', 2, 'Recibido', 30, 31, '2018-09-17', '18:03:15', 'Whatsapp', 1, NULL),
(1537210017, NULL, '2018-09-17', '12:46:57', 294, '119409', 7, 'Recibido', 30, 28, '2018-09-18', '17:19:53', 'Whatsapp', 8, NULL),
(1537210066, NULL, '2018-09-17', '12:47:46', 205, '78203', 14, 'Recibido', 30, 28, '2018-09-18', '17:17:50', 'Whatsapp', 5, NULL),
(1537210091, NULL, '2018-09-17', '12:48:11', 322, '91310', 15, 'Recibido', 30, 29, '2018-09-17', '17:38:35', 'Whatsapp', 1, NULL),
(1537210137, NULL, '2018-09-17', '12:48:57', 316, '1242100', 2, 'Recibido', 30, 27, '2018-09-18', '10:53:25', 'Whatsapp', 12, NULL),
(1537210581, NULL, '2018-09-17', '12:56:21', 8, '2192965', 15, 'Recibido', 29, 29, '2018-09-17', '12:56:51', 'Whatsapp', 3, NULL),
(1537214753, NULL, '2018-09-17', '14:05:53', 9, 'gp92295', 9, 'Recibido', 29, 31, '2018-09-17', '17:44:03', 'Whatsapp', 5, NULL),
(1537220538, NULL, '2018-09-17', '15:42:18', 108, '241743', 2, 'Recibido', 29, 31, '2018-09-17', '17:58:00', 'Whatsapp', 5, NULL),
(1537225240, NULL, '2018-09-17', '17:00:40', 224, '1242387', 2, 'Recibido', 29, 27, '2018-09-18', '10:54:16', 'Whatsapp', 2, NULL),
(1537225310, NULL, '2018-09-17', '17:01:50', 337, '193524', 4, 'Recibido', 29, 28, '2018-09-18', '17:21:28', 'Whatsapp', 9, NULL),
(1537225744, NULL, '2018-09-17', '17:09:04', 42, '3925889cr', 16, 'Pendiente', 29, NULL, NULL, NULL, 'Whatsapp', 1, NULL),
(1537228091, NULL, '2018-09-17', '17:48:11', 14, '2193187', 15, 'Recibido', 29, 27, '2018-09-18', '10:43:12', 'Whatsapp', 5, NULL),
(1537228094, NULL, '2018-09-17', '17:48:14', 127, '1792018', 6, 'Recibido', 31, 31, '2018-09-17', '17:50:01', 'Whatsapp', 2, NULL),
(1537228474, NULL, '2018-09-17', '17:54:34', 265, '31476', 8, 'Recibido', 31, 31, '2018-09-17', '17:56:16', 'Whatsapp', 5, NULL),
(1537229073, NULL, '2018-09-17', '18:04:33', 68, '6172093', 3, 'Recibido', 29, 31, '2018-09-18', '13:29:51', 'Whatsapp', 2, NULL),
(1537229076, NULL, '2018-09-17', '18:04:36', 313, '1241636', 2, 'Recibido', 31, 31, '2018-09-17', '18:14:31', 'Whatsapp', 5, NULL),
(1537229120, NULL, '2018-09-17', '18:05:20', 195, '2164857', 3, 'Recibido', 29, 29, '2018-09-18', '13:03:53', 'Whatsapp', 2, NULL),
(1537229170, NULL, '2018-09-17', '18:06:10', 80, '1242444', 2, 'Recibido', 29, 27, '2018-09-18', '10:47:43', 'Whatsapp', 11, NULL),
(1537229189, NULL, '2018-09-17', '18:06:29', 287, '978210', 6, 'Recibido', 31, 31, '2018-09-17', '18:12:02', 'Whatsapp', 1, NULL),
(1537229223, NULL, '2018-09-17', '18:07:03', 294, '4-119333', 8, 'Recibido', 31, 31, '2018-09-17', '18:11:30', 'Whatsapp', 2, NULL),
(1537282706, NULL, '2018-09-18', '08:58:26', 325, '978273', 6, 'Recibido', 30, 28, '2018-09-18', '17:16:11', 'Whatsapp', 3, NULL),
(1537283481, NULL, '2018-09-18', '09:11:21', 13, '978269', 6, 'Recibido', 30, 31, '2018-09-18', '13:30:37', 'Whatsapp', 1, NULL),
(1537283592, NULL, '2018-09-18', '09:13:12', 69, '2193194', 15, 'Recibido', 28, 27, '2018-09-18', '10:55:07', 'Whatsapp', 3, NULL),
(1537284207, NULL, '2018-09-18', '09:23:27', 242, '1242468', 2, 'Pendiente', 30, NULL, NULL, NULL, 'Whatsapp', 1, NULL),
(1537284301, NULL, '2018-09-18', '09:25:01', 8, '2193171', 15, 'Recibido', 30, 27, '2018-09-18', '10:56:21', 'Whatsapp', 6, NULL),
(1537284424, NULL, '2018-09-18', '09:27:04', 30, '6687', 16, 'Recibido', 28, 28, '2018-09-18', '09:27:52', 'Whatsapp', 6, NULL),
(1537286670, NULL, '2018-09-18', '10:04:30', 145, 'siq28596', 14, 'Recibido', 29, 31, '2018-09-18', '13:27:27', 'Whatsapp', 4, NULL),
(1537287957, NULL, '2018-09-18', '10:25:57', 214, '978266', 6, 'Recibido', 29, 29, '2018-09-18', '13:12:44', 'Whatsapp', 6, NULL),
(1537288294, NULL, '2018-09-18', '10:31:34', 322, 'gp91420', 19, 'Pendiente', 29, NULL, NULL, NULL, 'Whatsapp', 1, NULL),
(1537294366, NULL, '2018-09-18', '12:12:46', 294, '119515', 7, 'Pendiente', 30, NULL, NULL, NULL, 'Whatsapp', 2, NULL),
(1537297146, NULL, '2018-09-18', '12:59:06', 79, 'u28991', 7, 'Recibido', 29, 29, '2018-09-18', '13:00:48', 'Whatsapp', 8, NULL),
(1537297304, NULL, '2018-09-18', '13:01:44', 15, '979540', 6, 'Recibido', 29, 29, '2018-09-18', '13:02:43', 'Whatsapp', 7, NULL),
(1537298012, NULL, '2018-09-18', '13:13:32', 283, '28599', 19, 'Recibido', 29, 29, '2018-09-18', '13:15:33', 'Whatsapp', 11, NULL),
(1537298692, NULL, '2018-09-18', '13:24:52', 283, '128489', 14, 'Recibido', 31, 31, '2018-09-18', '13:25:46', 'Whatsapp', 2, NULL),
(1537298896, NULL, '2018-09-18', '13:28:16', 283, '128447', 9, 'Recibido', 31, 31, '2018-09-18', '13:29:00', 'Whatsapp', 1, NULL),
(1537299152, NULL, '2018-09-18', '13:32:32', 23, '*979337', 6, 'Recibido', 31, 31, '2018-09-18', '13:32:55', 'Whatsapp', 4, NULL),
(1537299237, NULL, '2018-09-18', '13:33:57', 23, '979539', 6, 'Recibido', 31, 31, '2018-09-18', '13:34:37', 'Whatsapp', 4, NULL),
(1537303278, NULL, '2018-09-18', '14:41:18', 20, '78282', 14, 'Pendiente', 30, NULL, NULL, NULL, 'Whatsapp', 1, NULL),
(1537306303, NULL, '2018-09-18', '15:31:43', 68, '6-172164', 3, 'Pendiente', 30, NULL, NULL, NULL, 'Whatsapp', 1, NULL),
(1537307443, NULL, '2018-09-18', '15:50:43', 356, '84608', 1, 'Pendiente', 30, NULL, NULL, NULL, 'Whatsapp', 1, NULL),
(1537308485, NULL, '2018-09-18', '16:08:05', 99, '192858', 4, 'Pendiente', 30, NULL, NULL, NULL, 'Whatsapp', 1, NULL),
(1537312121, NULL, '2018-09-18', '17:08:41', 14, '2193371', 15, 'Pendiente', 28, NULL, NULL, NULL, 'Llamada', 1, NULL),
(1537312918, NULL, '2018-09-18', '17:21:58', 287, '978276', 6, 'Recibido', 28, 28, '2018-09-18', '17:22:26', 'Whatsapp', 1, NULL),
(1537312978, NULL, '2018-09-18', '17:22:58', 180, '4-119467', 7, 'Recibido', 28, 28, '2018-09-18', '17:25:16', 'Whatsapp', 11, NULL);

-- --------------------------------------------------------

--
-- Estructura de tabla para la tabla `mensajeros`
--

CREATE TABLE `mensajeros` (
  `id` int(11) NOT NULL,
  `nombre` varchar(50) NOT NULL,
  `status` int(11) NOT NULL DEFAULT '1'
) ENGINE=MyISAM DEFAULT CHARSET=latin1;

--
-- Volcado de datos para la tabla `mensajeros`
--

INSERT INTO `mensajeros` (`id`, `nombre`, `status`) VALUES
(1535761038, 'mensajero externo', 1),
(1536104316, 'Alexander', 1);

-- --------------------------------------------------------

--
-- Estructura de tabla para la tabla `ordenes`
--

CREATE TABLE `ordenes` (
  `id` int(11) NOT NULL,
  `iddocumentos` int(20) NOT NULL,
  `orden` varchar(50) NOT NULL,
  `idusuario` int(11) NOT NULL,
  `idmensajero` int(11) NOT NULL,
  `status` int(11) NOT NULL DEFAULT '0',
  `fecha` datetime NOT NULL DEFAULT CURRENT_TIMESTAMP
) ENGINE=MyISAM DEFAULT CHARSET=latin1;

--
-- Volcado de datos para la tabla `ordenes`
--

INSERT INTO `ordenes` (`id`, `iddocumentos`, `orden`, `idusuario`, `idmensajero`, `status`, `fecha`) VALUES
(207, 1536114725, '1499122', 31, 1536104316, 1, '2018-09-05 12:08:14'),
(206, 1536114725, '1499182', 31, 1536104316, 1, '2018-09-05 12:08:11'),
(195, 1536161045, '1589553', 31, 1536104316, 1, '2018-09-05 09:25:26'),
(196, 1536161045, '1589555', 31, 1536104316, 1, '2018-09-05 09:25:34'),
(197, 1536161277, '1502297', 31, 1535761038, 1, '2018-09-05 09:28:40'),
(198, 1536161277, '1502299', 31, 1535761038, 1, '2018-09-05 09:28:57'),
(199, 1536161277, '1502300', 31, 1535761038, 1, '2018-09-05 09:29:16'),
(200, 1536161277, '1502296', 31, 1535761038, 1, '2018-09-05 09:29:31'),
(201, 1536161277, '1502298', 31, 1535761038, 1, '2018-09-05 09:29:48'),
(202, 1536114703, '1484606', 31, 1536104316, 1, '2018-09-05 12:06:46'),
(203, 1536114703, '1484607', 31, 1536104316, 1, '2018-09-05 12:06:59'),
(191, 1536114839, '1564673', 31, 1536104316, 1, '2018-09-05 09:22:39'),
(192, 1536114839, '1564672', 31, 1536104316, 1, '2018-09-05 09:22:40'),
(193, 1536161045, '1589556', 31, 1536104316, 1, '2018-09-05 09:25:09'),
(208, 1536161084, '1568106', 31, 1536104316, 1, '2018-09-05 12:09:26'),
(205, 1536114725, '1559927', 31, 1536104316, 1, '2018-09-05 12:08:05'),
(204, 1536114703, '1393527', 31, 1536104316, 1, '2018-09-05 12:07:14'),
(194, 1536161045, '1589554', 31, 1536104316, 1, '2018-09-05 09:25:19'),
(189, 1536114839, '1564675', 31, 1536104316, 1, '2018-09-05 09:22:36'),
(190, 1536114839, '1564674', 31, 1536104316, 1, '2018-09-05 09:22:37'),
(184, 1536105774, 'no', 32, 1536104316, 1, '2018-09-04 18:14:27'),
(188, 1536114904, '1492979', 31, 1536104316, 1, '2018-09-05 09:21:23'),
(187, 1536114904, '1492980', 31, 1536104316, 1, '2018-09-05 09:21:11'),
(186, 1536105505, 'no', 32, 1536104316, 1, '2018-09-04 18:14:35'),
(180, 1536105756, 'no', 32, 1536104316, 1, '2018-09-04 18:14:21'),
(179, 1536105727, 'no', 32, 1536104316, 1, '2018-09-04 18:14:18'),
(178, 1536105711, 'no', 32, 1536104316, 1, '2018-09-04 18:14:15'),
(177, 1536105655, 'no', 32, 1536104316, 1, '2018-09-04 18:14:06'),
(175, 1536105593, 'no', 32, 1536104316, 1, '2018-09-04 18:13:59'),
(174, 1536105292, 'no', 32, 1536104316, 1, '2018-09-04 18:13:55'),
(173, 1536105532, 'no', 32, 1536104316, 1, '2018-09-04 18:13:51'),
(172, 1536105323, 'no', 32, 1536104316, 1, '2018-09-04 18:13:48'),
(171, 1536105565, 'no', 32, 1536104316, 1, '2018-09-04 18:13:40'),
(170, 1536105547, 'no', 32, 1536104316, 1, '2018-09-04 18:13:37'),
(169, 1536104977, 'no', 32, 1536104316, 1, '2018-09-04 18:13:33'),
(168, 1536105439, 'no', 32, 1536104316, 1, '2018-09-04 18:13:29'),
(167, 1536105470, 'no', 32, 1536104316, 1, '2018-09-04 18:13:20'),
(166, 1536105487, 'no', 32, 1536104316, 1, '2018-09-04 18:13:16'),
(165, 1536104914, 'no', 32, 1536104316, 1, '2018-09-04 18:13:11'),
(164, 1536104956, 'no', 32, 1536104316, 1, '2018-09-04 18:13:07'),
(163, 1536105374, 'no', 32, 1536104316, 1, '2018-09-04 18:13:04'),
(162, 1536105392, 'no', 32, 1536104316, 1, '2018-09-04 18:13:01'),
(161, 1536105632, 'no', 32, 1536104316, 1, '2018-09-04 18:12:58'),
(160, 1536105610, 'no', 32, 1536104316, 1, '2018-09-04 18:12:54'),
(159, 1536105413, 'no', 32, 1536104316, 1, '2018-09-04 18:12:50'),
(158, 1536105213, 'no', 32, 1536104316, 1, '2018-09-04 18:12:47'),
(157, 1536105190, 'no', 32, 1536104316, 1, '2018-09-04 18:12:39'),
(156, 1536105254, 'no', 32, 1536104316, 1, '2018-09-04 18:12:34'),
(155, 1536105142, 'no', 32, 1536104316, 1, '2018-09-04 18:12:29'),
(153, 1536105028, '1559923', 32, 1536104316, 1, '2018-09-04 17:51:35'),
(154, 1536105235, 'no', 32, 1536104316, 1, '2018-09-04 18:12:21'),
(152, 1536105028, '1559825', 32, 1536104316, 1, '2018-09-04 17:51:23'),
(151, 1536104605, 'no', 32, 1536104316, 1, '2018-09-04 17:43:58'),
(150, 1536104491, 'notengo', 32, 1536104316, 1, '2018-09-04 17:42:17'),
(149, 1536100465, '2', 2, 1535761038, 1, '2018-09-04 16:36:23'),
(148, 1536100482, '122', 2, 1535761038, 1, '2018-09-04 16:36:16'),
(145, 1536022173, '2', 26, 1535761038, 1, '2018-09-03 18:50:53'),
(144, 1535811728, '654654', 2, 1535761038, 1, '2018-09-01 08:22:53'),
(143, 1535811713, '165', 2, 1535761038, 1, '2018-09-01 08:22:43'),
(142, 1535811398, '2099', 2, 1535761038, 1, '2018-09-01 08:18:15'),
(141, 1535811329, '2099', 2, 1535761038, 1, '2018-09-01 08:16:16'),
(140, 1535761671, '1', 2, 1535761038, 1, '2018-08-31 18:33:43'),
(139, 1535760987, '1', 2, 1535761038, 1, '2018-08-31 18:19:42'),
(209, 1536161084, '1568155', 31, 1536104316, 1, '2018-09-05 12:09:43'),
(210, 1536114969, '1503534', 31, 1536104316, 1, '2018-09-05 12:10:52'),
(211, 1536114969, '1550436', 31, 1536104316, 1, '2018-09-05 12:10:56'),
(212, 1536114969, '1503531', 31, 1536104316, 1, '2018-09-05 12:11:01'),
(213, 1536114969, '1503533', 31, 1536104316, 1, '2018-09-05 12:11:06'),
(214, 1536114969, '1503532', 31, 1536104316, 1, '2018-09-05 12:11:10'),
(215, 1536114969, '1550437', 31, 1536104316, 1, '2018-09-05 12:11:15'),
(216, 1536114762, '1454685', 31, 1536104316, 1, '2018-09-05 12:12:35'),
(217, 1536114762, '1454684', 31, 1536104316, 1, '2018-09-05 12:12:43'),
(218, 1536114762, '1454686', 31, 1536104316, 1, '2018-09-05 12:12:52'),
(219, 1536114258, '1323735', 31, 1536104316, 1, '2018-09-05 12:13:38'),
(220, 1536115003, '1589406', 31, 1536104316, 1, '2018-09-05 12:16:32'),
(221, 1536115003, '1589405', 31, 1536104316, 1, '2018-09-05 12:16:51'),
(222, 1536115003, '1589408', 31, 1536104316, 1, '2018-09-05 12:17:02'),
(223, 1536115003, '1589344', 31, 1536104316, 1, '2018-09-05 12:17:12'),
(224, 1536115003, '1589404', 31, 1536104316, 1, '2018-09-05 12:17:24'),
(225, 1536115065, '1495827', 31, 1536104316, 1, '2018-09-05 12:18:13'),
(226, 1536162818, '1568899', 31, 1536104316, 1, '2018-09-05 12:19:25'),
(227, 1536162818, '1568900', 31, 1536104316, 1, '2018-09-05 12:19:29'),
(228, 1536162818, '1560351', 31, 1536104316, 1, '2018-09-05 12:19:32'),
(229, 1536162818, '1560352', 31, 1536104316, 1, '2018-09-05 12:19:37'),
(230, 1536162818, '353', 31, 1536104316, 1, '2018-09-05 12:19:38'),
(231, 1536162818, '1560354', 31, 1536104316, 1, '2018-09-05 12:19:42'),
(232, 1536162818, '156055', 31, 1536104316, 1, '2018-09-05 12:19:59'),
(233, 1536162818, '356', 31, 1536104316, 1, '2018-09-05 12:20:04'),
(234, 1536162818, '357', 31, 1536104316, 1, '2018-09-05 12:20:06'),
(235, 1536162818, '358', 31, 1536104316, 1, '2018-09-05 12:20:08'),
(236, 1536162818, '359', 31, 1536104316, 1, '2018-09-05 12:20:09'),
(237, 1536171671, '1571735', 31, 1536104316, 1, '2018-09-05 12:22:36'),
(238, 1536171671, '736', 31, 1536104316, 1, '2018-09-05 12:22:38'),
(239, 1536171671, '737', 31, 1536104316, 1, '2018-09-05 12:22:42'),
(240, 1536171671, '738', 31, 1536104316, 1, '2018-09-05 12:22:44'),
(241, 1536171671, '739', 31, 1536104316, 1, '2018-09-05 12:22:46'),
(242, 1536171671, '740', 31, 1536104316, 1, '2018-09-05 12:22:47'),
(243, 1536171671, '741', 31, 1536104316, 1, '2018-09-05 12:22:48'),
(244, 1536171671, '742', 31, 1536104316, 1, '2018-09-05 12:22:50'),
(245, 1536171671, '743', 31, 1536104316, 1, '2018-09-05 12:22:51'),
(246, 1536171671, '744', 31, 1536104316, 1, '2018-09-05 12:22:53'),
(247, 1536171671, '745', 31, 1536104316, 1, '2018-09-05 12:22:55'),
(248, 1536171929, '1566495', 31, 1536104316, 1, '2018-09-05 12:26:06'),
(249, 1536171929, '1566498', 31, 1536104316, 1, '2018-09-05 12:26:18'),
(250, 1536171929, '1566497', 31, 1536104316, 1, '2018-09-05 12:26:35'),
(251, 1536171929, '1566499', 31, 1536104316, 1, '2018-09-05 12:26:45'),
(252, 1536171981, '1492705', 31, 1536104316, 1, '2018-09-05 12:27:18'),
(253, 1536171981, '1492704', 31, 1536104316, 1, '2018-09-05 12:27:22'),
(254, 1536172004, '1482556', 31, 1536104316, 1, '2018-09-05 12:27:57'),
(255, 1536172004, '1482555', 31, 1536104316, 1, '2018-09-05 12:28:07'),
(257, 1536114678, 'no', 31, 1536104316, 1, '2018-09-05 17:50:49'),
(258, 1536114678, '1565178', 31, 1536104316, 1, '2018-09-05 17:51:16'),
(259, 1536114678, '1565175', 31, 1536104316, 1, '2018-09-05 17:51:21'),
(260, 1536114678, '1565174', 31, 1536104316, 1, '2018-09-05 17:51:24'),
(261, 1536114678, '1565171', 31, 1536104316, 1, '2018-09-05 17:51:28'),
(262, 1536114678, '1565172', 31, 1536104316, 1, '2018-09-05 17:51:31'),
(263, 1536114678, '1565165', 31, 1536104316, 1, '2018-09-05 17:51:33'),
(264, 1536114678, '1565170', 31, 1536104316, 1, '2018-09-05 17:51:39'),
(265, 1536114678, '1565173', 31, 1536104316, 1, '2018-09-05 17:51:43'),
(266, 1536114678, '1565177', 31, 1536104316, 1, '2018-09-05 17:51:49'),
(267, 1536114678, '1565179', 31, 1536104316, 1, '2018-09-05 17:51:53'),
(268, 1536114678, '1565176', 31, 1536104316, 1, '2018-09-05 17:51:55'),
(269, 1536114678, '1565169', 31, 1536104316, 1, '2018-09-05 17:51:58'),
(270, 1536191603, '1501116', 31, 1536104316, 1, '2018-09-05 17:53:47'),
(271, 1536191603, '1115', 31, 1536104316, 1, '2018-09-05 17:53:52'),
(272, 1536191603, '113', 31, 1536104316, 1, '2018-09-05 17:54:21'),
(273, 1536191603, '114', 31, 1536104316, 1, '2018-09-05 17:54:24'),
(274, 1536191603, '112', 31, 1536104316, 1, '2018-09-05 17:54:28'),
(275, 1536191934, '1570949', 31, 1536104316, 1, '2018-09-05 18:03:47'),
(276, 1536191934, '1570947', 31, 1536104316, 1, '2018-09-05 18:04:04'),
(277, 1536191934, '944', 31, 1536104316, 1, '2018-09-05 18:04:36'),
(278, 1536191934, '946', 31, 1536104316, 1, '2018-09-05 18:04:41'),
(279, 1536191934, '948', 31, 1536104316, 1, '2018-09-05 18:04:48'),
(280, 1536191934, '952', 31, 1536104316, 1, '2018-09-05 18:04:53'),
(281, 1536191934, '951', 31, 1536104316, 1, '2018-09-05 18:04:59'),
(282, 1536191934, '950', 31, 1536104316, 1, '2018-09-05 18:05:14'),
(283, 1536186736, '3708', 31, 1536104316, 1, '2018-09-05 18:06:02'),
(284, 1536186736, '3718', 31, 1536104316, 1, '2018-09-05 18:06:32'),
(285, 1536186736, '3716', 31, 1536104316, 1, '2018-09-05 18:06:38'),
(286, 1536186736, '3714', 31, 1536104316, 1, '2018-09-05 18:06:45'),
(287, 1536186736, '3712', 31, 1536104316, 1, '2018-09-05 18:07:12'),
(288, 1536186736, '3713', 31, 1536104316, 1, '2018-09-05 18:07:20'),
(289, 1536186736, '3717', 31, 1536104316, 1, '2018-09-05 18:07:25'),
(290, 1536186736, '3702', 31, 1536104316, 1, '2018-09-05 18:07:32'),
(291, 1536186736, '3706', 31, 1536104316, 1, '2018-09-05 18:07:38'),
(292, 1536186736, '3705', 31, 1536104316, 1, '2018-09-05 18:07:43'),
(293, 1536186736, '3709', 31, 1536104316, 1, '2018-09-05 18:07:48'),
(294, 1536186736, '3711', 31, 1536104316, 1, '2018-09-05 18:07:53'),
(295, 1536186736, '3710', 31, 1536104316, 1, '2018-09-05 18:08:07'),
(296, 1536186736, '3707', 31, 1536104316, 1, '2018-09-05 18:08:22'),
(297, 1536186736, '3701', 31, 1536104316, 1, '2018-09-05 18:08:29'),
(298, 1536186736, '3703', 31, 1536104316, 1, '2018-09-05 18:08:36'),
(299, 1536186736, '655', 31, 1536104316, 1, '2018-09-05 18:08:43'),
(300, 1536186736, '3704', 31, 1536104316, 1, '2018-09-05 18:08:48'),
(301, 1536186736, '3715', 31, 1536104316, 1, '2018-09-05 18:08:53'),
(302, 1536186736, '1580182', 31, 1536104316, 1, '2018-09-05 18:09:49'),
(303, 1536186736, '181', 31, 1536104316, 1, '2018-09-05 18:09:54'),
(304, 1536186736, '176', 31, 1536104316, 1, '2018-09-05 18:09:59'),
(305, 1536186736, '692', 31, 1536104316, 1, '2018-09-05 18:10:04'),
(306, 1536186736, '175', 31, 1536104316, 1, '2018-09-05 18:10:08'),
(307, 1536186736, '174', 31, 1536104316, 1, '2018-09-05 18:10:13'),
(308, 1536186736, '170', 31, 1536104316, 1, '2018-09-05 18:10:17'),
(309, 1536186736, '172', 31, 1536104316, 1, '2018-09-05 18:10:23'),
(310, 1536186736, '180', 31, 1536104316, 1, '2018-09-05 18:10:28'),
(311, 1536186736, '177', 31, 1536104316, 1, '2018-09-05 18:10:33'),
(312, 1536186736, '183', 31, 1536104316, 1, '2018-09-05 18:10:38'),
(313, 1536186736, '169', 31, 1536104316, 1, '2018-09-05 18:10:42'),
(314, 1536186736, '179', 31, 1536104316, 1, '2018-09-05 18:10:49'),
(315, 1536186736, '171', 31, 1536104316, 1, '2018-09-05 18:10:55'),
(316, 1536186736, '168', 31, 1536104316, 1, '2018-09-05 18:11:01'),
(317, 1536186736, '173', 31, 1536104316, 1, '2018-09-05 18:11:06'),
(318, 1536186736, '178', 31, 1536104316, 1, '2018-09-05 18:11:10'),
(319, 1536177658, '1465856', 31, 1536104316, 1, '2018-09-05 18:12:14'),
(320, 1536177658, '854', 31, 1536104316, 1, '2018-09-05 18:12:20'),
(321, 1536177658, '855', 31, 1536104316, 1, '2018-09-05 18:12:23'),
(322, 1536177658, '857', 31, 1536104316, 1, '2018-09-05 18:12:28'),
(323, 1536191962, '1505053', 31, 1536104316, 1, '2018-09-05 18:14:47'),
(324, 1536191962, '500', 31, 1536104316, 1, '2018-09-05 18:14:51'),
(325, 1536191962, '052', 31, 1536104316, 1, '2018-09-05 18:14:54'),
(326, 1536191962, '051', 31, 1536104316, 1, '2018-09-05 18:14:59'),
(327, 1536185880, '608', 31, 1536104316, 1, '2018-09-05 18:16:12'),
(328, 1536185880, '609', 31, 1536104316, 1, '2018-09-05 18:16:17'),
(329, 1536185880, '610', 31, 1536104316, 1, '2018-09-05 18:16:23'),
(330, 1536185880, '611', 31, 1536104316, 1, '2018-09-05 18:16:30'),
(331, 1536177515, '1570189', 31, 1536104316, 1, '2018-09-05 18:17:56'),
(332, 1536177515, '1570188', 31, 1536104316, 1, '2018-09-05 18:18:01'),
(333, 1536177515, '1570191', 31, 1536104316, 1, '2018-09-05 18:18:06'),
(334, 1536177515, '1570192', 31, 1536104316, 1, '2018-09-05 18:18:10'),
(335, 1536177515, '1570190', 31, 1536104316, 1, '2018-09-05 18:18:17'),
(336, 1536192066, '1576891', 31, 1536104316, 1, '2018-09-05 18:19:47'),
(337, 1536192066, '1576893', 31, 1536104316, 1, '2018-09-05 18:19:53'),
(338, 1536192066, '1576895', 31, 1536104316, 1, '2018-09-05 18:19:58'),
(339, 1536192066, '1576887', 31, 1536104316, 1, '2018-09-05 18:20:02'),
(340, 1536192066, '1576892', 31, 1536104316, 1, '2018-09-05 18:20:06'),
(341, 1536192066, '1576890', 31, 1536104316, 1, '2018-09-05 18:20:11'),
(342, 1536192066, '1576886', 31, 1536104316, 1, '2018-09-05 18:20:15'),
(343, 1536192066, '888', 31, 1536104316, 1, '2018-09-05 18:20:26'),
(344, 1536192066, '894', 31, 1536104316, 1, '2018-09-05 18:20:32'),
(345, 1536192066, '889', 31, 1536104316, 1, '2018-09-05 18:20:36'),
(346, 1536114222, '1500496', 31, 1536104316, 1, '2018-09-05 18:21:39'),
(347, 1536114222, '1500498', 31, 1536104316, 1, '2018-09-05 18:21:43'),
(348, 1536114222, '1500499', 31, 1536104316, 1, '2018-09-05 18:21:48'),
(349, 1536114222, '1500495', 31, 1536104316, 1, '2018-09-05 18:21:55'),
(350, 1536114222, '1500497', 31, 1536104316, 1, '2018-09-05 18:22:00'),
(351, 1536114222, '1500494', 31, 1536104316, 1, '2018-09-05 18:22:02'),
(352, 1536114222, '428', 31, 1536104316, 1, '2018-09-05 18:22:11'),
(353, 1536164046, '1492988', 31, 1536104316, 1, '2018-09-05 18:24:09'),
(355, 1536164046, '989', 31, 1536104316, 1, '2018-09-05 18:24:21'),
(356, 1536191872, '1501346', 31, 1536104316, 1, '2018-09-05 18:25:12'),
(357, 1536191906, '1566965', 31, 1536104316, 1, '2018-09-05 18:25:43'),
(358, 1536191906, '1566963', 31, 1536104316, 1, '2018-09-05 18:26:02'),
(359, 1536114188, '1462428', 31, 1536104316, 1, '2018-09-05 18:27:13'),
(360, 1536114377, '1501340', 31, 1536104316, 1, '2018-09-05 18:28:18'),
(361, 1536114377, '339', 31, 1536104316, 1, '2018-09-05 18:28:22'),
(362, 1536114377, '338', 31, 1536104316, 1, '2018-09-05 18:28:27'),
(363, 1536114377, '341', 31, 1536104316, 1, '2018-09-05 18:28:35'),
(364, 1536114342, 'no', 2, 1536104316, 1, '2018-09-05 18:52:31'),
(365, 1536114406, 'no', 32, 1536104316, 1, '2018-09-06 08:32:14'),
(366, 1536114563, 'sin numero', 32, 1536104316, 1, '2018-09-06 08:36:21'),
(367, 1536177722, 'no', 32, 1536104316, 1, '2018-09-06 08:36:44'),
(368, 1536114615, 'no', 32, 1536104316, 1, '2018-09-06 08:37:54'),
(371, 1536114813, '1564668', 29, 1536104316, 1, '2018-09-06 09:07:10'),
(372, 1536114813, '1564669', 29, 1536104316, 1, '2018-09-06 09:07:13'),
(373, 1536114813, '1564671', 29, 1536104316, 1, '2018-09-06 09:07:15'),
(374, 1536114813, '1564670', 29, 1536104316, 1, '2018-09-06 09:07:18'),
(375, 1536114813, '1564666', 29, 1536104316, 1, '2018-09-06 09:07:19'),
(376, 1536114813, '1564667', 29, 1536104316, 1, '2018-09-06 09:07:23'),
(377, 1536252978, '1564676', 28, 1536104316, 1, '2018-09-06 10:56:38'),
(378, 1536252978, '1564678', 28, 1536104316, 1, '2018-09-06 10:56:40'),
(379, 1536252978, '1564677', 28, 1536104316, 1, '2018-09-06 10:56:44'),
(380, 1536252978, '1564679', 28, 1536104316, 1, '2018-09-06 10:56:47'),
(381, 1536162859, '1566270', 28, 1536104316, 1, '2018-09-06 12:51:33'),
(382, 1536162859, '1566269', 28, 1536104316, 1, '2018-09-06 12:51:40'),
(383, 1536162859, '1566267', 28, 1536104316, 1, '2018-09-06 12:51:49'),
(384, 1536162859, '1566272', 28, 1536104316, 1, '2018-09-06 12:51:55'),
(385, 1536162859, '1566271', 28, 1536104316, 1, '2018-09-06 12:52:08'),
(386, 1536162859, '1566268', 28, 1536104316, 1, '2018-09-06 12:52:13'),
(387, 1536162859, '1566273', 28, 1536104316, 1, '2018-09-06 12:52:21'),
(388, 1536191824, '1501350', 28, 1536104316, 1, '2018-09-06 12:53:39'),
(389, 1536191824, '1501349', 28, 1536104316, 1, '2018-09-06 12:53:47'),
(390, 1536191824, '1501348', 28, 1536104316, 1, '2018-09-06 12:53:53'),
(391, 1536191824, '1501347', 28, 1536104316, 1, '2018-09-06 12:53:58'),
(392, 1536183591, '1559929', 28, 1536104316, 1, '2018-09-06 12:55:31'),
(393, 1536183591, '1559928', 28, 1536104316, 1, '2018-09-06 12:56:00'),
(394, 1536192153, '1589410', 28, 1536104316, 1, '2018-09-06 12:56:48'),
(395, 1536192153, '1589413', 28, 1536104316, 1, '2018-09-06 12:56:55'),
(396, 1536192153, '1589341', 28, 1536104316, 1, '2018-09-06 12:57:00'),
(397, 1536192153, '1589409', 28, 1536104316, 1, '2018-09-06 12:57:06'),
(398, 1536252260, '0362', 28, 1536104316, 1, '2018-09-06 12:58:43'),
(399, 1536252260, '0365', 28, 1536104316, 1, '2018-09-06 12:58:47'),
(400, 1536252260, '0363', 28, 1536104316, 1, '2018-09-06 12:58:49'),
(401, 1536252260, '0360', 28, 1536104316, 1, '2018-09-06 12:58:52'),
(402, 1536252260, '0364', 28, 1536104316, 1, '2018-09-06 12:58:54'),
(403, 1536252260, '0361', 28, 1536104316, 1, '2018-09-06 12:58:57'),
(404, 1536252260, '8828', 28, 1536104316, 1, '2018-09-06 12:59:01'),
(405, 1536252260, '0366', 28, 1536104316, 1, '2018-09-06 12:59:04'),
(406, 1536252814, '3155', 28, 1536104316, 1, '2018-09-06 13:00:20'),
(407, 1536252814, '3157', 28, 1536104316, 1, '2018-09-06 13:00:31'),
(408, 1536252814, '3153', 28, 1536104316, 1, '2018-09-06 13:00:49'),
(409, 1536252814, '3154', 28, 1536104316, 1, '2018-09-06 13:00:59'),
(410, 1536252814, '31567', 28, 1536104316, 1, '2018-09-06 13:01:09'),
(411, 1536252814, '1748', 28, 1536104316, 1, '2018-09-06 13:01:19'),
(412, 1536252814, '1749', 28, 1536104316, 1, '2018-09-06 13:01:27'),
(413, 1536252814, '1750', 28, 1536104316, 1, '2018-09-06 13:01:36'),
(414, 1536252814, '1747', 28, 1536104316, 1, '2018-09-06 13:01:46'),
(415, 1536252814, '3151', 28, 1536104316, 1, '2018-09-06 13:01:58'),
(416, 1536252814, '3152', 28, 1536104316, 1, '2018-09-06 13:02:08'),
(417, 1536186314, '3129', 28, 1536104316, 1, '2018-09-06 13:03:03'),
(418, 1536189070, '0503', 28, 1536104316, 1, '2018-09-06 13:03:53'),
(419, 1536189070, '0504', 28, 1536104316, 1, '2018-09-06 13:03:57'),
(420, 1536257092, '9671', 28, 1536104316, 1, '2018-09-06 13:05:12'),
(421, 1536257092, '9672', 28, 1536104316, 1, '2018-09-06 13:05:22'),
(422, 1536257092, '9677', 28, 1536104316, 1, '2018-09-06 13:05:28'),
(423, 1536257092, '9675', 28, 1536104316, 1, '2018-09-06 13:07:04'),
(424, 1536257092, '9673', 28, 1536104316, 1, '2018-09-06 13:07:08'),
(425, 1536257092, '96874', 28, 1536104316, 1, '2018-09-06 13:07:12'),
(426, 1536257092, '9676', 28, 1536104316, 1, '2018-09-06 13:07:18'),
(427, 1536257092, '6643', 28, 1536104316, 1, '2018-09-06 13:07:29'),
(428, 1536252694, '4-118185', 28, 1536104316, 1, '2018-09-06 13:09:53'),
(429, 1536252694, '1589662', 28, 1536104316, 1, '2018-09-06 13:10:41'),
(430, 1536252694, '9663', 28, 1536104316, 1, '2018-09-06 13:10:45'),
(431, 1536252694, '9664', 28, 1536104316, 1, '2018-09-06 13:10:47'),
(432, 1536252694, '9665', 28, 1536104316, 1, '2018-09-06 13:10:48'),
(433, 1536252694, '9666', 28, 1536104316, 1, '2018-09-06 13:10:50'),
(434, 1536252694, '9667', 28, 1536104316, 1, '2018-09-06 13:10:53'),
(435, 1536252694, '9668', 28, 1536104316, 1, '2018-09-06 13:10:56'),
(436, 1536252694, '9669', 28, 1536104316, 1, '2018-09-06 13:10:58'),
(437, 1536252694, '1486442', 28, 1536104316, 1, '2018-09-06 13:11:07'),
(438, 1536252694, '6443', 28, 1536104316, 1, '2018-09-06 13:11:11'),
(439, 1536252694, '6444', 28, 1536104316, 1, '2018-09-06 13:11:15'),
(440, 1536252694, '6445', 28, 1536104316, 1, '2018-09-06 13:11:18'),
(441, 1536261173, '1484734', 31, 1536104316, 1, '2018-09-06 13:17:34'),
(442, 1536261173, '733', 31, 1536104316, 1, '2018-09-06 13:17:37'),
(443, 1536261173, '736', 31, 1536104316, 1, '2018-09-06 13:17:39'),
(444, 1536261173, '735', 31, 1536104316, 1, '2018-09-06 13:17:43'),
(445, 1536261555, '1569238', 31, 1536104316, 1, '2018-09-06 13:21:19'),
(446, 1536261555, '1569235', 31, 1536104316, 1, '2018-09-06 13:21:24'),
(447, 1536261555, '1569237', 31, 1536104316, 1, '2018-09-06 13:21:26'),
(448, 1536261555, '1569236', 31, 1536104316, 1, '2018-09-06 13:21:27'),
(449, 1536261590, '1564652', 31, 1536104316, 1, '2018-09-06 13:22:04'),
(450, 1536261590, '1564653', 31, 1536104316, 1, '2018-09-06 13:22:05'),
(451, 1536261518, '1558347', 31, 1536104316, 1, '2018-09-06 13:23:11'),
(452, 1536261518, '1558333', 31, 1536104316, 1, '2018-09-06 13:23:23'),
(453, 1536261617, '1492709', 31, 1536104316, 1, '2018-09-06 13:24:09'),
(454, 1536261617, '1492706', 31, 1536104316, 1, '2018-09-06 13:24:11'),
(455, 1536261617, '1492707', 31, 1536104316, 1, '2018-09-06 13:24:13'),
(456, 1536261617, '1492708', 31, 1536104316, 1, '2018-09-06 13:24:17'),
(457, 1536177749, '1480894', 31, 1536104316, 1, '2018-09-06 13:25:13'),
(458, 1536177749, '1480895', 31, 1536104316, 1, '2018-09-06 13:25:17'),
(459, 1536185647, '5783', 28, 1536104316, 1, '2018-09-06 17:51:45'),
(460, 1536190953, '0440', 28, 1536104316, 1, '2018-09-06 17:52:02'),
(461, 1536190953, '0439', 28, 1536104316, 1, '2018-09-06 17:52:05'),
(462, 1536190953, '0438', 28, 1536104316, 1, '2018-09-06 17:52:08'),
(463, 1536190953, '3535', 28, 1536104316, 1, '2018-09-06 17:52:15'),
(464, 1536190953, '3536', 28, 1536104316, 1, '2018-09-06 17:52:21'),
(465, 1536252144, '0184', 28, 1536104316, 1, '2018-09-06 17:52:51'),
(466, 1536252144, '0196', 28, 1536104316, 1, '2018-09-06 17:52:53'),
(467, 1536252144, '0201', 28, 1536104316, 1, '2018-09-06 17:52:57'),
(468, 1536252144, '0195', 28, 1536104316, 1, '2018-09-06 17:53:03'),
(469, 1536252144, '0190', 28, 1536104316, 1, '2018-09-06 17:53:05'),
(470, 1536252144, '0199', 28, 1536104316, 1, '2018-09-06 17:53:09'),
(471, 1536252144, '0194', 28, 1536104316, 1, '2018-09-06 17:53:10'),
(472, 1536252144, '0189', 28, 1536104316, 1, '2018-09-06 17:53:12'),
(473, 1536252144, '0187', 28, 1536104316, 1, '2018-09-06 17:53:15'),
(474, 1536252144, '0193', 28, 1536104316, 1, '2018-09-06 17:53:17'),
(475, 1536252144, '0191', 28, 1536104316, 1, '2018-09-06 17:53:21'),
(476, 1536252144, '0203', 28, 1536104316, 1, '2018-09-06 17:53:26'),
(477, 1536252144, '0185', 28, 1536104316, 1, '2018-09-06 17:53:27'),
(478, 1536252144, '0202', 28, 1536104316, 1, '2018-09-06 17:53:29'),
(479, 1536252144, '0192', 28, 1536104316, 1, '2018-09-06 17:53:30'),
(480, 1536252144, '0200', 28, 1536104316, 1, '2018-09-06 17:53:33'),
(481, 1536252144, '0198', 28, 1536104316, 1, '2018-09-06 17:53:35'),
(482, 1536252144, '0197', 28, 1536104316, 1, '2018-09-06 17:53:39'),
(483, 1536252144, '0188', 28, 1536104316, 1, '2018-09-06 17:53:41'),
(484, 1536252144, '0186', 28, 1536104316, 1, '2018-09-06 17:53:43'),
(485, 1536278096, '5784', 28, 1536104316, 1, '2018-09-06 17:55:13'),
(486, 1536278096, '5761', 28, 1536104316, 1, '2018-09-06 17:55:18'),
(487, 1536278096, '5786', 28, 1536104316, 1, '2018-09-06 17:55:24'),
(488, 1536278096, '5785', 28, 1536104316, 1, '2018-09-06 17:55:26'),
(489, 1536279887, '1497106', 28, 1536104316, 1, '2018-09-07 08:52:21'),
(490, 1536279887, '1497105', 28, 1536104316, 1, '2018-09-07 08:52:39'),
(491, 1536332295, '1492710', 28, 1536104316, 1, '2018-09-07 08:58:47'),
(492, 1536332268, '1566205', 28, 1536104316, 1, '2018-09-07 08:59:09'),
(493, 1536332268, '1566496', 28, 1536104316, 1, '2018-09-07 08:59:28'),
(494, 1536332268, '1566203', 28, 1536104316, 1, '2018-09-07 08:59:38'),
(495, 1536332268, '1566204', 28, 1536104316, 1, '2018-09-07 08:59:50'),
(496, 1536332240, '1566500', 28, 1536104316, 1, '2018-09-07 09:00:08'),
(497, 1536332240, '1566202', 28, 1536104316, 1, '2018-09-07 09:00:26'),
(498, 1536332240, '1566201', 28, 1536104316, 1, '2018-09-07 09:00:37'),
(499, 1536332065, '1501743', 28, 1536104316, 1, '2018-09-07 09:01:05'),
(500, 1536332065, '1501742', 28, 1536104316, 1, '2018-09-07 09:01:08'),
(501, 1536254589, '1484612', 28, 1536104316, 1, '2018-09-07 12:43:11'),
(502, 1536254589, '1484613', 28, 1536104316, 1, '2018-09-07 12:43:23'),
(503, 1536255670, '0367', 28, 1536104316, 1, '2018-09-07 12:45:27'),
(504, 1536255670, '0368', 28, 1536104316, 1, '2018-09-07 12:46:00'),
(505, 1536255670, '0369', 28, 1536104316, 1, '2018-09-07 12:46:09'),
(506, 1536255670, '0370', 28, 1536104316, 1, '2018-09-07 12:46:14'),
(507, 1536255670, '0371', 28, 1536104316, 1, '2018-09-07 12:46:18'),
(508, 1536255670, '373', 28, 1536104316, 1, '2018-09-07 12:46:23'),
(509, 1536255670, '0374', 28, 1536104316, 1, '2018-09-07 12:46:28'),
(510, 1536255670, '0375', 28, 1536104316, 1, '2018-09-07 12:46:33'),
(511, 1536255670, '0372', 28, 1536104316, 1, '2018-09-07 12:46:39'),
(512, 1536333349, '3162', 28, 1536104316, 1, '2018-09-07 12:49:35'),
(513, 1536333349, '3158', 28, 1536104316, 1, '2018-09-07 12:49:39'),
(514, 1536333349, '3164', 28, 1536104316, 1, '2018-09-07 12:49:43'),
(515, 1536333349, '3159', 28, 1536104316, 1, '2018-09-07 12:49:47'),
(516, 1536333349, '3160', 28, 1536104316, 1, '2018-09-07 12:49:51'),
(517, 1536333349, '3163', 28, 1536104316, 1, '2018-09-07 12:49:58'),
(518, 1536333349, '3161', 28, 1536104316, 1, '2018-09-07 12:50:02'),
(519, 1536340429, '0470', 28, 1536104316, 1, '2018-09-07 12:50:51'),
(520, 1536340429, '0471', 28, 1536104316, 1, '2018-09-07 12:50:59'),
(521, 1536340429, '0472', 28, 1536104316, 1, '2018-09-07 12:51:09'),
(522, 1536275186, '1505054', 28, 1536104316, 1, '2018-09-07 12:51:54'),
(523, 1536275186, '1505055', 28, 1536104316, 1, '2018-09-07 12:51:57'),
(524, 1536279993, '1565181', 28, 1536104316, 1, '2018-09-07 12:52:40'),
(525, 1536279993, '1565182', 28, 1536104316, 1, '2018-09-07 12:58:05'),
(526, 1536279993, '1565186', 28, 1536104316, 1, '2018-09-07 12:58:19'),
(527, 1536279993, '1565189', 28, 1536104316, 1, '2018-09-07 12:58:22'),
(528, 1536279993, '1565188', 28, 1536104316, 1, '2018-09-07 12:58:37'),
(529, 1536279993, '1565190', 28, 1536104316, 1, '2018-09-07 12:58:41'),
(530, 1536279993, '1565191', 28, 1536104316, 1, '2018-09-07 12:58:45'),
(531, 1536279993, '1565187', 28, 1536104316, 1, '2018-09-07 12:58:48'),
(532, 1536279993, '1565185', 28, 1536104316, 1, '2018-09-07 12:58:52'),
(533, 1536279993, '1565184', 28, 1536104316, 1, '2018-09-07 12:58:56'),
(534, 1536346845, '1454687', 28, 1536104316, 1, '2018-09-07 13:02:57'),
(536, 1536346823, '1550441', 28, 1536104316, 1, '2018-09-07 13:05:20'),
(537, 1536346823, '0442', 28, 1536104316, 1, '2018-09-07 13:05:23'),
(538, 1536346823, '0443', 28, 1536104316, 1, '2018-09-07 13:05:24'),
(539, 1536346823, '1503537', 28, 1536104316, 1, '2018-09-07 13:05:28'),
(540, 1536280100, '1576900', 29, 1536104316, 1, '2018-09-07 17:38:20'),
(541, 1536280100, '1576899', 29, 1536104316, 1, '2018-09-07 17:38:32'),
(542, 1536280100, '1576898', 29, 1536104316, 1, '2018-09-07 17:38:39'),
(543, 1536280100, '1576897', 29, 1536104316, 1, '2018-09-07 17:38:45'),
(544, 1536280100, '1576896', 29, 1536104316, 1, '2018-09-07 17:38:47'),
(545, 1536280100, '1576868', 29, 1536104316, 1, '2018-09-07 17:38:54'),
(546, 1536350463, '1566283', 29, 1536104316, 1, '2018-09-07 17:40:14'),
(547, 1536350463, '1566278', 29, 1536104316, 1, '2018-09-07 17:40:20'),
(548, 1536350463, '1566281', 29, 1536104316, 1, '2018-09-07 17:40:25'),
(549, 1536350463, '1566276', 29, 1536104316, 1, '2018-09-07 17:40:31'),
(550, 1536350463, '1566280', 29, 1536104316, 1, '2018-09-07 17:40:38'),
(551, 1536350463, '1566284', 29, 1536104316, 1, '2018-09-07 17:40:43'),
(552, 1536350463, '1566275', 29, 1536104316, 1, '2018-09-07 17:40:48'),
(553, 1536350463, '1566282', 29, 1536104316, 1, '2018-09-07 17:40:53'),
(554, 1536350463, '1566279', 29, 1536104316, 1, '2018-09-07 17:41:01'),
(555, 1536350463, '1566277', 29, 1536104316, 1, '2018-09-07 17:41:06'),
(556, 1536350463, '1566274', 29, 1536104316, 1, '2018-09-07 17:41:11'),
(557, 1536363779, '1569711', 29, 1536104316, 1, '2018-09-07 17:43:31'),
(558, 1536363779, '1555200', 29, 1536104316, 1, '2018-09-07 17:43:37'),
(559, 1536363856, '1501117', 29, 1536104316, 1, '2018-09-07 17:44:40'),
(560, 1536363856, '1501119', 29, 1536104316, 1, '2018-09-07 17:44:49'),
(561, 1536363856, '1501120', 29, 1536104316, 1, '2018-09-07 17:44:57'),
(562, 1536279919, '8952', 28, 1536104316, 1, '2018-09-08 12:32:26'),
(563, 1536366899, '1602060', 28, 1536104316, 1, '2018-09-08 12:34:13'),
(564, 1536366899, '1602057', 28, 1536104316, 1, '2018-09-08 12:34:24'),
(565, 1536366899, '1602059', 28, 1536104316, 1, '2018-09-08 12:34:37'),
(566, 1536366899, '1602056', 28, 1536104316, 1, '2018-09-08 12:34:53'),
(567, 1536366899, '1602058', 28, 1536104316, 1, '2018-09-08 12:35:04'),
(568, 1536366899, '1602051', 28, 1536104316, 1, '2018-09-08 12:35:14'),
(569, 1536366899, '1602055', 28, 1536104316, 1, '2018-09-08 12:35:21'),
(570, 1536366899, '1602054', 28, 1536104316, 1, '2018-09-08 12:35:33'),
(571, 1536366899, '1602052', 28, 1536104316, 1, '2018-09-08 12:35:40'),
(572, 1536366899, '1602053', 28, 1536104316, 1, '2018-09-08 12:35:46'),
(573, 1536366899, '1602061', 28, 1536104316, 1, '2018-09-08 12:35:52'),
(574, 1536431822, '1484614', 28, 1536104316, 1, '2018-09-08 12:37:46'),
(575, 1536431822, '14846015', 28, 1536104316, 1, '2018-09-08 12:37:59'),
(576, 1536431822, '1484616', 28, 1536104316, 1, '2018-09-08 12:38:14'),
(577, 1536431930, '1480896', 28, 1536104316, 1, '2018-09-08 12:39:30'),
(578, 1536432093, '1573165', 28, 1536104316, 1, '2018-09-08 12:41:52'),
(579, 1536432093, '1573166', 28, 1536104316, 1, '2018-09-08 12:41:57'),
(580, 1536432093, '1573167', 28, 1536104316, 1, '2018-09-08 12:42:06'),
(581, 1536432093, '1573168', 28, 1536104316, 1, '2018-09-08 12:42:26'),
(582, 1536432093, '1573169', 28, 1536104316, 1, '2018-09-08 12:42:32'),
(583, 1536432093, '1573170', 28, 1536104316, 1, '2018-09-08 12:42:39'),
(584, 1536337987, '1564654', 28, 1536104316, 1, '2018-09-08 12:44:08'),
(585, 1536337987, '1564683', 28, 1536104316, 1, '2018-09-08 12:44:10'),
(586, 1536337987, '1564685', 28, 1536104316, 1, '2018-09-08 12:44:12'),
(587, 1536337987, '1564684', 28, 1536104316, 1, '2018-09-08 12:44:14'),
(588, 1536344869, '1589421', 28, 1536104316, 1, '2018-09-08 12:46:48'),
(589, 1536344869, '1589424', 28, 1536104316, 1, '2018-09-08 12:46:54'),
(590, 1536344869, '1589316', 28, 1536104316, 1, '2018-09-08 12:46:59'),
(591, 1536344869, '1589426', 28, 1536104316, 1, '2018-09-08 12:47:05'),
(592, 1536344869, '1589418', 28, 1536104316, 1, '2018-09-08 12:47:13'),
(593, 1536344869, '1589420', 28, 1536104316, 1, '2018-09-08 12:47:18'),
(594, 1536432335, '1560383', 28, 1536104316, 1, '2018-09-08 12:49:29'),
(595, 1536432335, '1560382', 28, 1536104316, 1, '2018-09-08 12:49:35'),
(596, 1536432335, '1560380', 28, 1536104316, 1, '2018-09-08 12:49:42'),
(597, 1536432335, '1560378', 28, 1536104316, 1, '2018-09-08 12:49:49'),
(598, 1536432335, '1560376', 28, 1536104316, 1, '2018-09-08 12:49:55'),
(599, 1536432335, '1560377', 28, 1536104316, 1, '2018-09-08 12:50:08'),
(600, 1536432335, '1560381', 28, 1536104316, 1, '2018-09-08 12:50:14'),
(601, 1536432335, '1560379', 28, 1536104316, 1, '2018-09-08 12:50:21'),
(602, 1536333949, '3286', 30, 1536104316, 1, '2018-09-10 08:42:17'),
(603, 1536333949, '3285', 30, 1536104316, 1, '2018-09-10 08:42:21'),
(604, 1536429708, '2712', 30, 1536104316, 1, '2018-09-10 08:47:42'),
(605, 1536429708, '2711', 30, 1536104316, 1, '2018-09-10 08:47:48'),
(606, 1536429708, '2714', 30, 1536104316, 1, '2018-09-10 08:47:51'),
(607, 1536429708, '2713', 30, 1536104316, 1, '2018-09-10 08:47:55'),
(608, 1536591981, '2429', 30, 1536104316, 1, '2018-09-10 09:07:09'),
(609, 1536591981, '2430', 30, 1536104316, 1, '2018-09-10 09:07:12'),
(610, 1536591981, '2431', 30, 1536104316, 1, '2018-09-10 09:07:16'),
(611, 1536591981, '2432', 30, 1536104316, 1, '2018-09-10 09:07:18'),
(612, 1536595598, '4688', 32, 1536104316, 1, '2018-09-10 12:45:36'),
(613, 1536595598, '8689', 32, 1536104316, 1, '2018-09-10 12:45:39'),
(614, 1536595598, '4690', 32, 1536104316, 1, '2018-09-10 12:45:45'),
(615, 1536592714, '0198', 32, 1536104316, 1, '2018-09-10 12:47:05'),
(616, 1536592714, '0196', 32, 1536104316, 1, '2018-09-10 12:47:09'),
(617, 1536592714, '0197', 32, 1536104316, 1, '2018-09-10 12:47:13'),
(618, 1536595663, '4691', 32, 1536104316, 1, '2018-09-10 12:47:59'),
(619, 1536595663, '4692', 32, 1536104316, 1, '2018-09-10 12:48:08'),
(620, 1536595663, '4693', 32, 1536104316, 1, '2018-09-10 12:48:13'),
(621, 1536590430, '0309', 32, 1536104316, 1, '2018-09-10 12:49:20'),
(622, 1536590457, '2065', 32, 1536104316, 1, '2018-09-10 12:50:19'),
(623, 1536590457, '2063', 32, 1536104316, 1, '2018-09-10 12:50:22'),
(624, 1536590457, '2064', 32, 1536104316, 1, '2018-09-10 12:50:27'),
(625, 1536590457, '2062', 32, 1536104316, 1, '2018-09-10 12:50:32'),
(626, 1536595713, '2074', 32, 1536104316, 1, '2018-09-10 12:51:13'),
(627, 1536605403, '6968', 32, 1536104316, 1, '2018-09-10 12:51:56'),
(628, 1536605403, '6967', 32, 1536104316, 1, '2018-09-10 12:52:02'),
(629, 1536605403, '6966', 32, 1536104316, 1, '2018-09-10 12:52:10'),
(630, 1536353977, '4461', 32, 1536104316, 1, '2018-09-10 12:53:14'),
(631, 1536353977, '4462', 32, 1536104316, 1, '2018-09-10 12:53:27'),
(632, 1536353977, '4464', 32, 1536104316, 1, '2018-09-10 12:53:35'),
(633, 1536353977, '4463', 32, 1536104316, 1, '2018-09-10 12:53:49'),
(634, 1536605536, '1564687', 32, 1536104316, 1, '2018-09-10 12:54:58'),
(635, 1536605536, '1564686', 32, 1536104316, 1, '2018-09-10 12:55:00'),
(636, 1536605536, '1564689', 32, 1536104316, 1, '2018-09-10 12:55:03'),
(637, 1536605536, '1564688', 32, 1536104316, 1, '2018-09-10 12:55:05'),
(638, 1536605568, '1465863', 32, 1536104316, 1, '2018-09-10 12:56:24'),
(639, 1536605568, '1465860', 32, 1536104316, 1, '2018-09-10 12:56:30'),
(640, 1536605568, '1465864', 32, 1536104316, 1, '2018-09-10 12:56:36'),
(641, 1536605568, '1465861', 32, 1536104316, 1, '2018-09-10 12:56:41'),
(642, 1536605568, '1465859', 32, 1536104316, 1, '2018-09-10 12:56:57'),
(643, 1536605568, '1465862', 32, 1536104316, 1, '2018-09-10 12:57:04'),
(644, 1536605568, '1465858', 32, 1536104316, 1, '2018-09-10 12:57:11'),
(645, 1536605450, '1570955', 32, 1536104316, 1, '2018-09-10 13:00:26'),
(646, 1536605450, '1570954', 32, 1536104316, 1, '2018-09-10 13:00:32'),
(647, 1536605450, '1570953', 32, 1536104316, 1, '2018-09-10 13:00:38'),
(648, 1536605450, 'RECTIFICACION', 32, 1536104316, 1, '2018-09-10 13:00:48'),
(649, 1536429603, '1565199', 32, 1536104316, 1, '2018-09-10 13:02:13'),
(650, 1536429603, '1565198', 32, 1536104316, 1, '2018-09-10 13:02:20'),
(651, 1536429603, '1565197', 32, 1536104316, 1, '2018-09-10 13:02:23'),
(652, 1536429603, '1565196', 32, 1536104316, 1, '2018-09-10 13:02:26'),
(653, 1536429603, '1565195', 32, 1536104316, 1, '2018-09-10 13:02:30'),
(654, 1536429603, '1565194', 32, 1536104316, 1, '2018-09-10 13:02:36'),
(655, 1536429603, '1565193', 32, 1536104316, 1, '2018-09-10 13:02:48'),
(656, 1536429603, '1565192', 32, 1536104316, 1, '2018-09-10 13:02:56'),
(657, 1536592652, '1508316', 32, 1536104316, 1, '2018-09-10 13:04:44'),
(658, 1536592652, '1508318', 32, 1536104316, 1, '2018-09-10 13:04:49'),
(659, 1536592652, '1508317', 32, 1536104316, 1, '2018-09-10 13:04:55'),
(660, 1536605650, '1505056', 32, 1536104316, 1, '2018-09-10 13:06:06'),
(661, 1536605650, '1505057', 32, 1536104316, 1, '2018-09-10 13:06:10'),
(662, 1536590478, '1503542', 32, 1536104316, 1, '2018-09-10 13:06:57'),
(663, 1536590478, '1503539', 32, 1536104316, 1, '2018-09-10 13:07:09'),
(664, 1536590478, '1550444', 32, 1536104316, 1, '2018-09-10 13:07:32'),
(665, 1536590478, '1550445', 32, 1536104316, 1, '2018-09-10 13:07:36'),
(666, 1536590478, '1550446', 32, 1536104316, 1, '2018-09-10 13:07:42'),
(667, 1536590478, '1550447', 32, 1536104316, 1, '2018-09-10 13:07:46'),
(668, 1536590478, '1550448', 32, 1536104316, 1, '2018-09-10 13:07:48'),
(669, 1536590478, '1550449', 32, 1536104316, 1, '2018-09-10 13:07:53'),
(670, 1536590478, '1550450', 32, 1536104316, 1, '2018-09-10 13:07:57'),
(671, 1536590478, '1575901', 32, 1536104316, 1, '2018-09-10 13:08:01'),
(672, 1536590478, '1575903', 32, 1536104316, 1, '2018-09-10 13:08:08'),
(673, 1536590478, '1575904', 32, 1536104316, 1, '2018-09-10 13:08:15'),
(674, 1536590478, '1503541', 32, 1536104316, 1, '2018-09-10 13:08:25'),
(675, 1536590478, '1503542', 32, 1536104316, 1, '2018-09-10 13:08:28'),
(676, 1536590478, '1503538', 32, 1536104316, 1, '2018-09-10 13:08:33'),
(677, 1536590478, '1503539', 32, 1536104316, 1, '2018-09-10 13:08:37'),
(678, 1536590478, '1503540', 32, 1536104316, 1, '2018-09-10 13:08:42'),
(679, 1536590478, '1503541', 32, 1536104316, 1, '2018-09-10 13:08:51'),
(681, 1536590478, '1503543', 32, 1536104316, 1, '2018-09-10 13:09:14'),
(682, 1536600581, '1589557', 32, 1536104316, 1, '2018-09-10 13:11:55'),
(683, 1536606808, '1568158', 31, 1536104316, 1, '2018-09-10 13:14:57'),
(684, 1536606808, '1568162', 31, 1536104316, 1, '2018-09-10 13:15:06'),
(685, 1536606808, '1568161', 31, 1536104316, 1, '2018-09-10 13:15:13'),
(686, 1536606808, '15668163', 31, 1536104316, 1, '2018-09-10 13:15:17'),
(687, 1536606808, '1568164', 31, 1536104316, 1, '2018-09-10 13:15:23'),
(688, 1536606808, '1568159', 31, 1536104316, 1, '2018-09-10 13:15:29'),
(689, 1536606808, '1568165', 31, 1536104316, 1, '2018-09-10 13:15:40'),
(690, 1536606808, '1568160', 31, 1536104316, 1, '2018-09-10 13:15:44'),
(691, 1536606808, '1568157', 31, 1536104316, 1, '2018-09-10 13:15:49'),
(692, 1536606808, '1568156', 31, 1536104316, 1, '2018-09-10 13:15:54'),
(693, 1536606784, '1565788', 31, 1536104316, 1, '2018-09-10 13:16:48'),
(694, 1536606784, '1565787', 31, 1536104316, 1, '2018-09-10 13:16:52'),
(695, 1536606784, '1565789', 31, 1536104316, 1, '2018-09-10 13:16:55'),
(697, 1536606784, '1565790', 31, 1536104316, 1, '2018-09-10 13:17:06'),
(698, 1536606784, 'rec1565774', 31, 1536104316, 1, '2018-09-10 13:17:12'),
(699, 1536596915, '1574780', 29, 1536104316, 1, '2018-09-10 17:52:32'),
(700, 1536623672, '1501744', 29, 1536104316, 1, '2018-09-10 17:56:39'),
(701, 1536623672, '1501746', 29, 1536104316, 1, '2018-09-10 17:56:43'),
(702, 1536623672, '1501745', 29, 1536104316, 1, '2018-09-10 17:56:48'),
(703, 1536270299, '1570193', 29, 1536104316, 1, '2018-09-10 17:58:02'),
(704, 1536270299, '1570194', 29, 1536104316, 1, '2018-09-10 17:58:06'),
(705, 1536270299, '1570195', 29, 1536104316, 1, '2018-09-10 17:58:15'),
(706, 1536623734, '1462434', 29, 1536104316, 1, '2018-09-10 17:59:24'),
(707, 1536623734, '1462436', 29, 1536104316, 1, '2018-09-10 17:59:31'),
(708, 1536623734, '1462435', 29, 1536104316, 1, '2018-09-10 17:59:37'),
(709, 1536623734, '1462142', 29, 1536104316, 1, '2018-09-10 17:59:41'),
(710, 1536675754, '1501125', 29, 1536104316, 1, '2018-09-11 08:23:41'),
(711, 1536675754, '1501122', 29, 1536104316, 1, '2018-09-11 08:23:45'),
(712, 1536675754, '1501121', 29, 1536104316, 1, '2018-09-11 08:23:48'),
(713, 1536675754, '150112', 29, 1536104316, 1, '2018-09-11 08:23:52'),
(714, 1536675754, '1501124', 29, 1536104316, 1, '2018-09-11 08:23:57'),
(715, 1536675754, '1493527', 29, 1536104316, 1, '2018-09-11 08:24:06'),
(716, 1536675732, '1569239', 29, 1536104316, 1, '2018-09-11 08:24:53'),
(717, 1536675732, '156924', 29, 1536104316, 1, '2018-09-11 08:24:57'),
(718, 1536675732, '1569241', 29, 1536104316, 1, '2018-09-11 08:25:01'),
(719, 1536675732, '1569242', 29, 1536104316, 1, '2018-09-11 08:25:05'),
(720, 1536675710, '1566288', 29, 1536104316, 1, '2018-09-11 08:25:52'),
(721, 1536675710, '1566287', 29, 1536104316, 1, '2018-09-11 08:25:58'),
(722, 1536675710, '1566289', 29, 1536104316, 1, '2018-09-11 08:26:04'),
(723, 1536675710, '1566285', 29, 1536104316, 1, '2018-09-11 08:26:12'),
(724, 1536675710, '1566286', 29, 1536104316, 1, '2018-09-11 08:26:19'),
(725, 1536684709, '0385', 30, 1535761038, 1, '2018-09-11 10:52:04'),
(726, 1536684709, '0386', 30, 1535761038, 1, '2018-09-11 10:52:06'),
(727, 1536684709, '0384', 30, 1535761038, 1, '2018-09-11 10:52:09'),
(728, 1536684709, '0387', 30, 1535761038, 1, '2018-09-11 10:52:11'),
(729, 1536684709, '0388', 30, 1535761038, 1, '2018-09-11 10:52:14'),
(730, 1536684709, '0389', 30, 1535761038, 1, '2018-09-11 10:52:16'),
(731, 1536684709, '0390', 30, 1535761038, 1, '2018-09-11 10:52:18'),
(732, 1536684709, '0391', 30, 1535761038, 1, '2018-09-11 10:52:21'),
(733, 1536684677, '2157', 30, 1535761038, 1, '2018-09-11 10:52:41'),
(734, 1536684677, '2158', 30, 1535761038, 1, '2018-09-11 10:52:43'),
(735, 1536598885, '1483284', 27, 1536104316, 1, '2018-09-11 11:01:57'),
(736, 1536618234, '1574468', 31, 1536104316, 1, '2018-09-11 13:00:34'),
(737, 1536618234, '1574469', 31, 1536104316, 1, '2018-09-11 13:00:37'),
(738, 1536618234, '1574466', 31, 1536104316, 1, '2018-09-11 13:00:41'),
(739, 1536618234, '1574465', 31, 1536104316, 1, '2018-09-11 13:00:44'),
(740, 1536618234, '1574467', 31, 1536104316, 1, '2018-09-11 13:00:48'),
(741, 1536618234, '1574470', 31, 1536104316, 1, '2018-09-11 13:00:54'),
(742, 1536629214, '1492990', 31, 1536104316, 1, '2018-09-11 13:05:45'),
(743, 1536629214, '1492991', 31, 1536104316, 1, '2018-09-11 13:05:48'),
(744, 1536629214, '1492992', 31, 1536104316, 1, '2018-09-11 13:05:51'),
(745, 1536629147, '1580213', 31, 1536104316, 1, '2018-09-11 13:06:24'),
(746, 1536629147, '158021', 31, 1536104316, 1, '2018-09-11 13:06:30'),
(747, 1536629147, '1580206', 31, 1536104316, 1, '2018-09-11 13:06:35'),
(748, 1536629147, '1580211', 31, 1536104316, 1, '2018-09-11 13:06:41'),
(749, 1536629147, '1580204', 31, 1536104316, 1, '2018-09-11 13:06:47'),
(750, 1536629147, '1580207', 31, 1536104316, 1, '2018-09-11 13:06:52'),
(751, 1536629147, '1580209', 31, 1536104316, 1, '2018-09-11 13:06:57'),
(752, 1536629147, '1580205', 31, 1536104316, 1, '2018-09-11 13:07:02'),
(753, 1536629147, '1580208', 31, 1536104316, 1, '2018-09-11 13:07:06'),
(754, 1536629147, '1580212', 31, 1536104316, 1, '2018-09-11 13:07:11'),
(755, 1536629113, '1580214', 31, 1536104316, 1, '2018-09-11 13:08:39'),
(756, 1536629113, '1580215', 31, 1536104316, 1, '2018-09-11 13:08:42'),
(757, 1536629113, '1580216', 31, 1536104316, 1, '2018-09-11 13:08:45'),
(758, 1536627739, '1497107', 31, 1536104316, 1, '2018-09-11 13:09:52'),
(759, 1536627739, '1497108', 31, 1536104316, 1, '2018-09-11 13:10:00'),
(760, 1536693030, '1492718', 31, 1536104316, 1, '2018-09-11 13:10:59'),
(761, 1536693030, '1492717', 31, 1536104316, 1, '2018-09-11 13:11:03'),
(762, 1536693030, '1492716', 31, 1536104316, 1, '2018-09-11 13:11:06'),
(763, 1536693030, '1492719', 31, 1536104316, 1, '2018-09-11 13:11:07'),
(764, 1536693030, '1492720', 31, 1536104316, 1, '2018-09-11 13:11:08'),
(765, 1536693030, '1492715', 31, 1536104316, 1, '2018-09-11 13:11:09'),
(766, 1536601773, '1484617', 31, 1536104316, 1, '2018-09-11 15:58:54'),
(767, 1536599709, 'rec1425329', 31, 1536104316, 1, '2018-09-11 16:00:07'),
(768, 1536599161, '1499157', 31, 1536104316, 1, '2018-09-11 16:04:44'),
(769, 1536629018, '1589427', 31, 1536104316, 1, '2018-09-11 16:18:19'),
(770, 1536629018, '1589428', 31, 1536104316, 1, '2018-09-11 16:18:35'),
(771, 1536629018, '1589001', 31, 1536104316, 1, '2018-09-11 16:18:43'),
(772, 1536629018, '1589003', 31, 1536104316, 1, '2018-09-11 16:18:50'),
(773, 1536629018, '1589004', 31, 1536104316, 1, '2018-09-11 16:18:56'),
(774, 1536704530, '1559941', 31, 1536104316, 1, '2018-09-11 16:23:16'),
(775, 1536704530, '1559890', 31, 1536104316, 1, '2018-09-11 16:23:55'),
(776, 1536704530, '1559930', 31, 1536104316, 1, '2018-09-11 16:24:09'),
(777, 1536704530, '1559931', 31, 1536104316, 1, '2018-09-11 16:24:12'),
(778, 1536704530, '1559932', 31, 1536104316, 1, '2018-09-11 16:24:16'),
(779, 1536704530, '1559933', 31, 1536104316, 1, '2018-09-11 16:24:20'),
(780, 1536704530, '1559934', 31, 1536104316, 1, '2018-09-11 16:24:23'),
(781, 1536704530, '1559935', 31, 1536104316, 1, '2018-09-11 16:24:27'),
(782, 1536704530, '1559936', 31, 1536104316, 1, '2018-09-11 16:24:32'),
(783, 1536704530, '1559936', 31, 1536104316, 1, '2018-09-11 16:24:35'),
(784, 1536704530, '1559936', 31, 1536104316, 1, '2018-09-11 16:24:39'),
(785, 1536704530, '1559937', 31, 1536104316, 1, '2018-09-11 16:24:47'),
(786, 1536704530, '1559938', 31, 1536104316, 1, '2018-09-11 16:24:55'),
(787, 1536704530, '1559937', 31, 1536104316, 1, '2018-09-11 16:24:59'),
(788, 1536704530, '155938', 31, 1536104316, 1, '2018-09-11 16:25:02'),
(789, 1536704530, '1559940', 31, 1536104316, 1, '2018-09-11 16:25:07'),
(790, 1536704530, '1559941', 31, 1536104316, 1, '2018-09-11 16:25:12'),
(791, 1536627470, '2069', 31, 1536104316, 1, '2018-09-11 17:35:17'),
(792, 1536627470, '2071', 31, 1536104316, 1, '2018-09-11 17:35:23'),
(793, 1536627470, '2068', 31, 1536104316, 1, '2018-09-11 17:35:27'),
(794, 1536627470, '2066', 31, 1536104316, 1, '2018-09-11 17:35:32'),
(795, 1536627470, '2067', 31, 1536104316, 1, '2018-09-11 17:35:36'),
(796, 1536627470, '2070', 31, 1536104316, 1, '2018-09-11 17:35:41'),
(797, 1536709083, '5868', 31, 1536104316, 1, '2018-09-11 17:38:20'),
(798, 1536709083, '5865', 31, 1536104316, 1, '2018-09-11 17:38:24'),
(799, 1536709083, '5867', 31, 1536104316, 1, '2018-09-11 17:38:27'),
(800, 1536709083, '5866', 31, 1536104316, 1, '2018-09-11 17:38:30'),
(801, 1536709213, '0958', 31, 1536104316, 1, '2018-09-11 17:40:33'),
(803, 1536709213, '0959', 31, 1536104316, 1, '2018-09-11 17:40:45'),
(804, 1536709213, '0964', 31, 1536104316, 1, '2018-09-11 17:40:49'),
(805, 1536709213, '0963', 31, 1536104316, 1, '2018-09-11 17:40:55'),
(806, 1536709213, '0962', 31, 1536104316, 1, '2018-09-11 17:40:59'),
(807, 1536709213, '0957', 31, 1536104316, 1, '2018-09-11 17:41:25'),
(808, 1536709213, '0961', 31, 1536104316, 1, '2018-09-11 17:41:26'),
(809, 1536709213, '0957', 31, 1536104316, 1, '2018-09-11 17:41:26'),
(811, 1536709213, '0957', 31, 1536104316, 1, '2018-09-11 17:41:26'),
(813, 1536710429, '1569720', 29, 1536104316, 1, '2018-09-11 18:01:07'),
(814, 1536710429, '1569723', 29, 1536104316, 1, '2018-09-11 18:01:19'),
(815, 1536710429, '1569722', 29, 1536104316, 1, '2018-09-11 18:01:27'),
(816, 1536710429, '1569721', 29, 1536104316, 1, '2018-09-11 18:01:35'),
(817, 1536710429, '1569724', 29, 1536104316, 1, '2018-09-11 18:01:43'),
(818, 1536686105, '1566292', 29, 1536104316, 1, '2018-09-12 08:17:58'),
(819, 1536686105, '1566293', 29, 1536104316, 1, '2018-09-12 08:18:01'),
(820, 1536686105, '1566290', 29, 1536104316, 1, '2018-09-12 08:18:04'),
(821, 1536686105, '1566295', 29, 1536104316, 1, '2018-09-12 08:18:07'),
(822, 1536686105, '1562294', 29, 1536104316, 1, '2018-09-12 08:18:26'),
(823, 1536686105, '1566297', 29, 1536104316, 1, '2018-09-12 08:18:36'),
(824, 1536686105, '1566296', 29, 1536104316, 1, '2018-09-12 08:18:40'),
(827, 1536765581, '0393', 28, 1535761038, 1, '2018-09-12 09:21:41'),
(826, 1536765581, '0392', 28, 1535761038, 1, '2018-09-12 09:20:38'),
(828, 1536765581, '0394', 28, 1535761038, 1, '2018-09-12 09:21:44'),
(829, 1536765581, '0395', 28, 1535761038, 1, '2018-09-12 09:21:46'),
(830, 1536765581, '0396', 28, 1535761038, 1, '2018-09-12 09:21:49'),
(831, 1536765581, '0397', 28, 1535761038, 1, '2018-09-12 09:21:53'),
(832, 1536765581, '0398', 28, 1535761038, 1, '2018-09-12 09:21:57'),
(833, 1536765581, '0399', 28, 1535761038, 1, '2018-09-12 09:21:59'),
(834, 1536765581, '0400', 28, 1535761038, 1, '2018-09-12 09:22:02'),
(835, 1536765581, '0401', 28, 1535761038, 1, '2018-09-12 09:22:08'),
(836, 1536765581, '0402', 28, 1535761038, 1, '2018-09-12 09:22:09'),
(837, 1536765581, '0403', 28, 1535761038, 1, '2018-09-12 09:22:11'),
(838, 1536765581, '0404', 28, 1535761038, 1, '2018-09-12 09:22:14'),
(839, 1536765581, '0405', 28, 1535761038, 1, '2018-09-12 09:22:16'),
(840, 1536765581, '0406', 28, 1535761038, 1, '2018-09-12 09:22:22'),
(841, 1536765581, '0407', 28, 1535761038, 1, '2018-09-12 09:22:28'),
(842, 1536766039, '6449', 30, 1535761038, 1, '2018-09-12 12:00:44'),
(843, 1536766039, '9569', 30, 1535761038, 1, '2018-09-12 12:00:51'),
(844, 1536766039, '6450', 30, 1535761038, 1, '2018-09-12 12:00:58'),
(845, 1536711385, '4618', 30, 1535761038, 1, '2018-09-12 12:01:47'),
(846, 1536711385, '4619', 30, 1535761038, 1, '2018-09-12 12:01:53'),
(847, 1536705517, '4693', 30, 1535761038, 1, '2018-09-12 12:04:02'),
(848, 1536686110, '4740', 30, 1535761038, 1, '2018-09-12 12:05:02'),
(849, 1536686110, '4738', 30, 1535761038, 1, '2018-09-12 12:05:11'),
(850, 1536686110, '4739', 30, 1535761038, 1, '2018-09-12 12:05:21'),
(851, 1536686110, '4737', 30, 1535761038, 1, '2018-09-12 12:05:29'),
(852, 1536705556, ' 9564', 30, 1535761038, 1, '2018-09-12 12:06:47'),
(853, 1536705556, '9558', 30, 1535761038, 1, '2018-09-12 12:06:55'),
(854, 1536705556, '9559', 30, 1535761038, 1, '2018-09-12 12:07:16'),
(855, 1536705556, '9560', 30, 1535761038, 1, '2018-09-12 12:07:24'),
(856, 1536705556, '9561', 30, 1535761038, 1, '2018-09-12 12:07:26'),
(857, 1536705556, '9562', 30, 1535761038, 1, '2018-09-12 12:07:29'),
(858, 1536705556, '9563', 30, 1535761038, 1, '2018-09-12 12:07:31'),
(859, 1536705556, '9564', 30, 1535761038, 1, '2018-09-12 12:07:35'),
(860, 1536705556, '9565', 30, 1535761038, 1, '2018-09-12 12:07:38'),
(861, 1536705556, '9566', 30, 1535761038, 1, '2018-09-12 12:07:41'),
(862, 1536705556, '9567', 30, 1535761038, 1, '2018-09-12 12:07:44'),
(863, 1536705556, '9568', 30, 1535761038, 1, '2018-09-12 12:07:47'),
(865, 1536690415, '3171', 30, 1535761038, 1, '2018-09-12 12:09:05'),
(866, 1536690415, '3172', 30, 1535761038, 1, '2018-09-12 12:09:06'),
(867, 1536690415, '3173', 30, 1535761038, 1, '2018-09-12 12:09:09'),
(868, 1536690415, '3174', 30, 1535761038, 1, '2018-09-12 12:09:11'),
(869, 1536690415, '3175', 30, 1535761038, 1, '2018-09-12 12:09:13'),
(870, 1536690415, '3176', 30, 1535761038, 1, '2018-09-12 12:09:16'),
(871, 1536690415, '3177', 30, 1535761038, 1, '2018-09-12 12:09:18'),
(872, 1536690415, '3178', 30, 1535761038, 1, '2018-09-12 12:09:20'),
(873, 1536690415, '3179', 30, 1535761038, 1, '2018-09-12 12:09:22'),
(874, 1536690415, '3180', 30, 1535761038, 1, '2018-09-12 12:09:26'),
(875, 1536776023, '2721', 30, 1535761038, 1, '2018-09-12 12:14:07'),
(876, 1536775979, '8955', 30, 1535761038, 1, '2018-09-12 12:15:34'),
(877, 1536775979, '8954', 30, 1535761038, 1, '2018-09-12 12:15:40'),
(878, 1536776001, '8348', 30, 1535761038, 1, '2018-09-12 12:16:22'),
(879, 1536776001, '8349', 30, 1535761038, 1, '2018-09-12 12:16:23'),
(880, 1536776001, '9377', 30, 1535761038, 1, '2018-09-12 12:16:27'),
(881, 1536776001, '8350', 30, 1535761038, 1, '2018-09-12 12:16:28'),
(882, 1536776001, '8101', 30, 1535761038, 1, '2018-09-12 12:16:31'),
(883, 1536776001, '8102', 30, 1535761038, 1, '2018-09-12 12:16:33'),
(884, 1536775950, '5905', 30, 1535761038, 1, '2018-09-12 12:17:33'),
(885, 1536775950, '3544', 30, 1535761038, 1, '2018-09-12 12:17:40'),
(886, 1536775950, '3545', 30, 1535761038, 1, '2018-09-12 12:17:46');
INSERT INTO `ordenes` (`id`, `iddocumentos`, `orden`, `idusuario`, `idmensajero`, `status`, `fecha`) VALUES
(887, 1536775881, '5827', 30, 1535761038, 1, '2018-09-12 12:18:14'),
(888, 1536775858, ' 3181', 30, 1535761038, 1, '2018-09-12 12:19:10'),
(889, 1536775858, '3182', 30, 1535761038, 1, '2018-09-12 12:19:11'),
(890, 1536775858, '3183', 30, 1535761038, 1, '2018-09-12 12:19:13'),
(891, 1536775858, '3184', 30, 1535761038, 1, '2018-09-12 12:19:15'),
(892, 1536775858, '3185', 30, 1535761038, 1, '2018-09-12 12:19:16'),
(893, 1536775858, '3186', 30, 1535761038, 1, '2018-09-12 12:19:18'),
(894, 1536775858, '3187', 30, 1535761038, 1, '2018-09-12 12:19:20'),
(895, 1536775858, '3188', 30, 1535761038, 1, '2018-09-12 12:19:21'),
(897, 1536775935, '4695', 30, 1535761038, 1, '2018-09-12 12:24:29'),
(898, 1536775935, '4695', 30, 1535761038, 1, '2018-09-12 12:24:37'),
(899, 1536775935, '4696', 30, 1535761038, 1, '2018-09-12 12:24:39'),
(900, 1536775935, '4726', 30, 1535761038, 1, '2018-09-12 12:24:41'),
(901, 1536775901, '6209', 30, 1535761038, 1, '2018-09-12 12:25:21'),
(902, 1536775901, '6207', 30, 1535761038, 1, '2018-09-12 12:25:24'),
(903, 1536775901, '6206', 30, 1535761038, 1, '2018-09-12 12:25:26'),
(904, 1536775901, '6211', 30, 1535761038, 1, '2018-09-12 12:25:28'),
(905, 1536775901, '6212', 30, 1535761038, 1, '2018-09-12 12:25:29'),
(906, 1536775901, '6210', 30, 1535761038, 1, '2018-09-12 12:25:30'),
(907, 1536770155, '3287', 30, 1535761038, 1, '2018-09-12 16:48:17'),
(908, 1536770155, '4782', 30, 1535761038, 1, '2018-09-12 16:48:26'),
(909, 1536770155, '4781', 30, 1535761038, 1, '2018-09-12 16:48:31'),
(910, 1536792617, '1749', 30, 1535761038, 1, '2018-09-12 16:50:34'),
(911, 1536792617, '1750', 30, 1535761038, 1, '2018-09-12 16:50:40'),
(912, 1536792617, '1748', 30, 1535761038, 1, '2018-09-12 16:50:45'),
(913, 1536792617, '1747', 30, 1535761038, 1, '2018-09-12 16:50:48'),
(914, 1536773913, '0311', 30, 1535761038, 1, '2018-09-12 16:51:28'),
(915, 1536768473, '8319', 30, 1535761038, 1, '2018-09-12 16:52:02'),
(916, 1536792808, '5791', 30, 1535761038, 1, '2018-09-12 16:53:45'),
(917, 1536792808, '5792', 30, 1535761038, 1, '2018-09-12 16:53:47'),
(918, 1536792808, '5793', 30, 1535761038, 1, '2018-09-12 16:53:50'),
(919, 1536792808, '5794', 30, 1535761038, 1, '2018-09-12 16:53:52'),
(920, 1536792808, '5795', 30, 1535761038, 1, '2018-09-12 16:53:55'),
(921, 1536792808, '5796', 30, 1535761038, 1, '2018-09-12 16:53:57'),
(922, 1536792808, '5797', 30, 1535761038, 1, '2018-09-12 16:53:59'),
(923, 1536792808, '5798', 30, 1535761038, 1, '2018-09-12 16:54:01'),
(924, 1536777547, '9006', 30, 1535761038, 1, '2018-09-12 16:56:21'),
(925, 1536777547, '9009', 30, 1535761038, 1, '2018-09-12 16:56:23'),
(926, 1536777547, '9010', 30, 1535761038, 1, '2018-09-12 16:56:25'),
(927, 1536777547, '9011', 30, 1535761038, 1, '2018-09-12 16:56:27'),
(928, 1536777547, '9012', 30, 1535761038, 1, '2018-09-12 16:56:29'),
(929, 1536794140, '1602073', 29, 1536104316, 1, '2018-09-13 08:49:46'),
(930, 1536794140, '1602072', 29, 1536104316, 1, '2018-09-13 08:50:08'),
(931, 1536794140, '1602076', 29, 1536104316, 1, '2018-09-13 08:50:11'),
(932, 1536794140, '1602075', 29, 1536104316, 1, '2018-09-13 08:50:14'),
(933, 1536794140, '1602074', 29, 1536104316, 1, '2018-09-13 08:50:25'),
(934, 1536850344, '1569249', 29, 1536104316, 1, '2018-09-13 08:52:51'),
(935, 1536850344, '1569243', 29, 1536104316, 1, '2018-09-13 08:52:55'),
(936, 1536850344, '1569248', 29, 1536104316, 1, '2018-09-13 08:52:59'),
(937, 1536850344, '1569244', 29, 1536104316, 1, '2018-09-13 08:53:02'),
(938, 1536850344, '1569245', 29, 1536104316, 1, '2018-09-13 08:53:05'),
(939, 1536850344, '1569246', 29, 1536104316, 1, '2018-09-13 08:53:07'),
(940, 1536850344, '1569247', 29, 1536104316, 1, '2018-09-13 08:53:09'),
(941, 1536794165, '1472075', 29, 1536104316, 1, '2018-09-13 08:55:19'),
(942, 1536850607, '1501126', 29, 1536104316, 1, '2018-09-13 08:57:16'),
(943, 1536850607, '1501127', 29, 1536104316, 1, '2018-09-13 08:57:21'),
(944, 1536850607, '1501128', 29, 1536104316, 1, '2018-09-13 08:57:26'),
(945, 1536603523, '1564690', 29, 1536104316, 1, '2018-09-13 09:30:50'),
(946, 1536603523, '1564692', 29, 1536104316, 1, '2018-09-13 09:30:52'),
(947, 1536603523, '1564691', 29, 1536104316, 1, '2018-09-13 09:30:54'),
(948, 1536795813, '1589679', 29, 1536104316, 1, '2018-09-13 09:33:32'),
(949, 1536795813, '9678', 29, 1536104316, 1, '2018-09-13 09:33:38'),
(950, 1536795813, '9680', 29, 1536104316, 1, '2018-09-13 09:33:43'),
(951, 1536795813, '9684', 29, 1536104316, 1, '2018-09-13 09:34:16'),
(952, 1536795813, '9683', 29, 1536104316, 1, '2018-09-13 09:34:20'),
(953, 1536795813, '9685', 29, 1536104316, 1, '2018-09-13 09:34:24'),
(954, 1536795813, '9681', 29, 1536104316, 1, '2018-09-13 09:34:29'),
(955, 1536795813, '9682', 29, 1536104316, 1, '2018-09-13 09:34:34'),
(956, 1536795813, '9686', 29, 1536104316, 1, '2018-09-13 09:34:40'),
(957, 1536793690, '1575906', 29, 1536104316, 1, '2018-09-13 09:36:40'),
(958, 1536793690, '1503547', 29, 1536104316, 1, '2018-09-13 09:36:50'),
(959, 1536793690, '1503546', 29, 1536104316, 1, '2018-09-13 09:36:55'),
(960, 1536777809, '1564696', 29, 1536104316, 1, '2018-09-13 09:37:35'),
(961, 1536777809, '1564694', 29, 1536104316, 1, '2018-09-13 09:37:36'),
(962, 1536777809, '1564695', 29, 1536104316, 1, '2018-09-13 09:37:37'),
(963, 1536853137, '1492722', 29, 1536104316, 1, '2018-09-13 09:39:13'),
(964, 1536696738, '1574471', 29, 1536104316, 1, '2018-09-13 09:44:11'),
(965, 1536696738, '472', 29, 1536104316, 1, '2018-09-13 09:44:17'),
(966, 1536696738, '1574457', 29, 1536104316, 1, '2018-09-13 09:44:23'),
(967, 1536796999, '1480897', 29, 1536104316, 1, '2018-09-13 09:45:42'),
(968, 1536796999, '898', 29, 1536104316, 1, '2018-09-13 09:45:45'),
(969, 1536796999, '899', 29, 1536104316, 1, '2018-09-13 09:45:46'),
(970, 1536796999, '900', 29, 1536104316, 1, '2018-09-13 09:45:48'),
(971, 1536853617, '1505058', 29, 1536104316, 1, '2018-09-13 09:47:23'),
(972, 1536849055, '1484728', 29, 1536104316, 1, '2018-09-13 09:48:40'),
(973, 1536772323, '1454697', 29, 1536104316, 1, '2018-09-13 09:49:32'),
(974, 1536853969, '1560412', 29, 1535761038, 1, '2018-09-13 09:53:29'),
(975, 1536853969, '0411', 29, 1535761038, 1, '2018-09-13 09:53:35'),
(976, 1536853969, '0410', 29, 1535761038, 1, '2018-09-13 09:53:38'),
(977, 1536853969, '0409', 29, 1535761038, 1, '2018-09-13 09:53:41'),
(978, 1536853969, '0408', 29, 1535761038, 1, '2018-09-13 09:53:49'),
(979, 1536853969, '0413', 29, 1535761038, 1, '2018-09-13 09:53:51'),
(980, 1536853969, '0414', 29, 1535761038, 1, '2018-09-13 09:53:53'),
(981, 1536853969, '0415', 29, 1535761038, 1, '2018-09-13 09:53:55'),
(983, 1536854113, '1602160', 29, 1535761038, 1, '2018-09-13 09:56:04'),
(984, 1536854113, '1602159', 29, 1535761038, 1, '2018-09-13 09:56:07'),
(985, 1536857176, '1578960', 27, 1536104316, 1, '2018-09-13 10:46:55'),
(986, 1536857176, '1578956', 27, 1536104316, 1, '2018-09-13 10:47:01'),
(987, 1536857176, '1578951', 27, 1536104316, 1, '2018-09-13 10:47:10'),
(988, 1536857176, '1578953', 27, 1536104316, 1, '2018-09-13 10:47:16'),
(989, 1536857176, '1578959', 27, 1536104316, 1, '2018-09-13 10:47:22'),
(990, 1536857176, '1578957', 27, 1536104316, 1, '2018-09-13 10:47:31'),
(991, 1536863557, '0965', 30, 1536104316, 1, '2018-09-13 12:33:02'),
(992, 1536863557, '0967', 30, 1536104316, 1, '2018-09-13 12:33:08'),
(993, 1536863557, '0968', 30, 1536104316, 1, '2018-09-13 12:33:10'),
(994, 1536863557, '0966', 30, 1536104316, 1, '2018-09-13 12:33:14'),
(996, 1536863405, '9730', 30, 1536104316, 1, '2018-09-13 12:35:06'),
(997, 1536863405, '9731', 30, 1536104316, 1, '2018-09-13 12:35:09'),
(998, 1536863405, '9728', 30, 1536104316, 1, '2018-09-13 12:35:14'),
(999, 1536863405, '9729', 30, 1536104316, 1, '2018-09-13 12:35:16'),
(1000, 1536867463, '2997', 30, 1535761038, 1, '2018-09-13 17:29:32'),
(1001, 1536867463, '2993', 30, 1535761038, 1, '2018-09-13 17:29:43'),
(1002, 1536867463, '2994', 30, 1535761038, 1, '2018-09-13 17:30:02'),
(1003, 1536867463, '2995', 30, 1535761038, 1, '2018-09-13 17:30:37'),
(1004, 1536867463, '2996', 30, 1535761038, 1, '2018-09-13 17:30:50'),
(1005, 1536794284, '0616', 30, 1536104316, 1, '2018-09-13 17:32:23'),
(1006, 1536794284, '0617', 30, 1536104316, 1, '2018-09-13 17:32:24'),
(1007, 1536794284, '0618', 30, 1536104316, 1, '2018-09-13 17:32:27'),
(1008, 1536794284, '0619', 30, 1536104316, 1, '2018-09-13 17:32:30'),
(1009, 1536794284, '0620', 30, 1536104316, 1, '2018-09-13 17:32:36'),
(1010, 1536869383, '4623', 30, 1536104316, 1, '2018-09-13 17:33:34'),
(1011, 1536869383, '4622', 30, 1536104316, 1, '2018-09-13 17:33:56'),
(1012, 1536869383, '4621', 30, 1536104316, 1, '2018-09-13 17:34:04'),
(1013, 1536869383, '4620', 30, 1536104316, 1, '2018-09-13 17:34:14'),
(1014, 1536881709, '2437', 30, 1536104316, 1, '2018-09-13 17:40:08'),
(1015, 1536881709, '2438', 30, 1536104316, 1, '2018-09-13 17:40:12'),
(1016, 1536881709, '2439', 30, 1536104316, 1, '2018-09-13 17:40:17'),
(1017, 1536881709, '2440', 30, 1536104316, 1, '2018-09-13 17:40:22'),
(1018, 1536100347, '0493', 30, 1536104316, 1, '2018-09-13 17:42:36'),
(1019, 1536100347, '0492', 30, 1536104316, 1, '2018-09-13 17:42:39'),
(1021, 1536100347, '0491', 30, 1536104316, 1, '2018-09-13 17:42:54'),
(1022, 1536853384, '1574783', 29, 1536104316, 1, '2018-09-14 09:04:08'),
(1023, 1536860395, '1564697', 29, 1536104316, 1, '2018-09-14 09:04:35'),
(1024, 1536860395, '1564698', 29, 1536104316, 1, '2018-09-14 09:04:36'),
(1025, 1536856380, '1573189', 29, 1536104316, 1, '2018-09-14 09:05:19'),
(1026, 1536856380, '3190', 29, 1536104316, 1, '2018-09-14 09:05:56'),
(1027, 1536937641, '1458544', 29, 1536104316, 1, '2018-09-14 09:07:33'),
(1028, 1536937641, '1566213', 29, 1536104316, 1, '2018-09-14 09:07:40'),
(1029, 1536937641, '1566214', 29, 1536104316, 1, '2018-09-14 09:07:50'),
(1030, 1536951046, '1566155', 29, 1536104316, 1, '2018-09-14 12:51:02'),
(1031, 1536951046, '5200', 29, 1536104316, 1, '2018-09-14 12:51:11'),
(1032, 1536951046, '1566158', 29, 1536104316, 1, '2018-09-14 12:51:15'),
(1033, 1536951046, '1566156', 29, 1536104316, 1, '2018-09-14 12:51:18'),
(1034, 1536951046, '1566157', 29, 1536104316, 1, '2018-09-14 12:51:19'),
(1035, 1536951046, '1566159', 29, 1536104316, 1, '2018-09-14 12:51:23'),
(1036, 1536951046, '1566152', 29, 1536104316, 1, '2018-09-14 12:51:27'),
(1037, 1536951046, '1566167', 29, 1536104316, 1, '2018-09-14 12:51:28'),
(1038, 1536951046, '1566162', 29, 1536104316, 1, '2018-09-14 12:51:30'),
(1039, 1536951046, '1566160', 29, 1536104316, 1, '2018-09-14 12:51:33'),
(1040, 1536951046, '1566151', 29, 1536104316, 1, '2018-09-14 12:51:35'),
(1041, 1536951046, '1566164', 29, 1536104316, 1, '2018-09-14 12:51:36'),
(1042, 1536951046, '1566166', 29, 1536104316, 1, '2018-09-14 12:51:38'),
(1043, 1536951046, '1566153', 29, 1536104316, 1, '2018-09-14 12:51:44'),
(1044, 1536951046, '1566165', 29, 1536104316, 1, '2018-09-14 12:51:45'),
(1045, 1536951046, '1566154', 29, 1536104316, 1, '2018-09-14 12:51:48'),
(1046, 1536880503, '1454698', 29, 1536104316, 1, '2018-09-14 12:53:23'),
(1047, 1536772297, '1566970', 29, 1536104316, 1, '2018-09-14 12:54:14'),
(1048, 1536772297, '1566971', 29, 1536104316, 1, '2018-09-14 12:54:33'),
(1049, 1536772297, '1566969', 29, 1536104316, 1, '2018-09-14 12:54:36'),
(1050, 1536862216, '1505060', 29, 1536104316, 1, '2018-09-14 12:55:10'),
(1051, 1536862216, '1505059', 29, 1536104316, 1, '2018-09-14 12:55:12'),
(1053, 1536884971, '1580218', 29, 1536104316, 1, '2018-09-14 12:57:20'),
(1054, 1536860351, '1580218', 29, 1536104316, 1, '2018-09-14 12:58:12'),
(1055, 1536860351, '1580220', 29, 1536104316, 1, '2018-09-14 12:58:14'),
(1056, 1536860351, '0219', 29, 1536104316, 1, '2018-09-14 12:58:21'),
(1057, 1536860351, '1580217', 29, 1536104316, 1, '2018-09-14 12:58:27'),
(1058, 1536884775, '1559944', 29, 1536104316, 1, '2018-09-14 12:59:22'),
(1059, 1536884775, '1559946', 29, 1536104316, 1, '2018-09-14 12:59:30'),
(1060, 1536951626, '1503548', 29, 1536104316, 1, '2018-09-14 13:00:49'),
(1061, 1536885060, '1578961', 29, 1536104316, 1, '2018-09-14 13:01:20'),
(1062, 1536943020, '1454699', 32, 1536104316, 1, '2018-09-14 18:31:48'),
(1063, 1536957004, '1484629', 32, 1536104316, 1, '2018-09-14 18:32:15'),
(1064, 1536794408, '1', 32, 1536104316, 1, '2018-09-14 18:32:40'),
(1065, 1536599843, '1', 32, 1536104316, 1, '2018-09-14 18:32:53'),
(1066, 1536281335, '1', 32, 1536104316, 1, '2018-09-14 18:33:02'),
(1067, 1536778683, '1', 32, 1536104316, 1, '2018-09-14 18:33:15'),
(1068, 1536876040, '874', 32, 1536104316, 1, '2018-09-14 18:33:46'),
(1069, 1536876040, '872', 32, 1536104316, 1, '2018-09-14 18:33:50'),
(1070, 1536876040, '869', 32, 1536104316, 1, '2018-09-14 18:33:54'),
(1071, 1536876040, '871', 32, 1536104316, 1, '2018-09-14 18:33:57'),
(1072, 1536876040, '870', 32, 1536104316, 1, '2018-09-14 18:34:00'),
(1073, 1536876040, '873', 32, 1536104316, 1, '2018-09-14 18:34:04'),
(1074, 1536971800, '732', 31, 1536104316, 1, '2018-09-14 18:37:03'),
(1075, 1536971800, '733', 31, 1536104316, 1, '2018-09-14 18:37:05'),
(1076, 1536971800, '734', 31, 1536104316, 1, '2018-09-14 18:37:07'),
(1077, 1536971800, '735', 31, 1536104316, 1, '2018-09-14 18:37:11'),
(1078, 1536971800, '736', 31, 1536104316, 1, '2018-09-14 18:37:13'),
(1079, 1536971768, '103', 31, 1536104316, 1, '2018-09-14 18:37:35'),
(1080, 1536971768, '104', 31, 1536104316, 1, '2018-09-14 18:37:37'),
(1081, 1536971768, '105', 31, 1536104316, 1, '2018-09-14 18:37:39'),
(1082, 1536971768, '106', 31, 1536104316, 1, '2018-09-14 18:37:41'),
(1083, 1536856784, '1', 31, 1536104316, 1, '2018-09-14 18:38:06'),
(1084, 1536368050, '1', 31, 1536104316, 1, '2018-09-14 18:38:24'),
(1085, 1537196835, '3191', 30, 1536104316, 1, '2018-09-17 09:07:52'),
(1087, 1537196835, '3192', 30, 1536104316, 1, '2018-09-17 09:08:02'),
(1088, 1537196835, '3193', 30, 1536104316, 1, '2018-09-17 09:08:05'),
(1089, 1537196804, '4700', 30, 1536104316, 1, '2018-09-17 09:09:05'),
(1090, 1537196804, '5651', 30, 1536104316, 1, '2018-09-17 09:09:07'),
(1091, 1537196783, '0505', 30, 1536104316, 1, '2018-09-17 09:10:06'),
(1092, 1537196783, '0506', 30, 1536104316, 1, '2018-09-17 09:10:12'),
(1093, 1537202739, '0430', 28, 1535761038, 1, '2018-09-17 10:46:08'),
(1094, 1537202739, '0426', 28, 1535761038, 1, '2018-09-17 10:46:14'),
(1095, 1537202739, '0422', 28, 1535761038, 1, '2018-09-17 10:46:19'),
(1096, 1537202739, '0428', 28, 1535761038, 1, '2018-09-17 10:46:23'),
(1097, 1537202739, '0427', 28, 1535761038, 1, '2018-09-17 10:46:26'),
(1098, 1537202739, '0424', 28, 1535761038, 1, '2018-09-17 10:46:31'),
(1099, 1537202739, '0423', 28, 1535761038, 1, '2018-09-17 10:46:39'),
(1100, 1537202739, '0429', 28, 1535761038, 1, '2018-09-17 10:46:43'),
(1101, 1537202739, '0425', 28, 1535761038, 1, '2018-09-17 10:46:47'),
(1102, 1537202739, '0420', 28, 1535761038, 1, '2018-09-17 10:46:51'),
(1103, 1537202739, '0431', 28, 1535761038, 1, '2018-09-17 10:46:54'),
(1104, 1537202739, '0432', 28, 1535761038, 1, '2018-09-17 10:47:00'),
(1105, 1537202697, '2558', 28, 1535761038, 1, '2018-09-17 10:47:32'),
(1106, 1537202697, '2559', 28, 1535761038, 1, '2018-09-17 10:47:42'),
(1107, 1537202697, '2557', 28, 1535761038, 1, '2018-09-17 10:47:48'),
(1108, 1537202596, '2161', 28, 1535761038, 1, '2018-09-17 10:48:04'),
(1109, 1537202596, '2162', 28, 1535761038, 1, '2018-09-17 10:48:08'),
(1110, 1537202642, '0416', 28, 1535761038, 1, '2018-09-17 10:48:47'),
(1111, 1537202642, '0418', 28, 1535761038, 1, '2018-09-17 10:48:50'),
(1112, 1537202642, '0417', 28, 1535761038, 1, '2018-09-17 10:48:54'),
(1113, 1537202642, '0421', 28, 1535761038, 1, '2018-09-17 10:48:58'),
(1114, 1537202642, '0419', 28, 1535761038, 1, '2018-09-17 10:49:01'),
(1115, 1537196162, '1503549', 29, 1536104316, 1, '2018-09-17 12:53:03'),
(1116, 1537196162, '1575907', 29, 1536104316, 1, '2018-09-17 12:53:27'),
(1117, 1537196162, '908', 29, 1536104316, 1, '2018-09-17 12:53:31'),
(1118, 1537196162, '908', 29, 1536104316, 1, '2018-09-17 12:53:35'),
(1119, 1536965726, '1508320', 29, 1536104316, 1, '2018-09-17 12:55:22'),
(1120, 1536965726, '315', 29, 1536104316, 1, '2018-09-17 12:55:26'),
(1121, 1537210581, '1565799', 29, 1536104316, 1, '2018-09-17 12:56:37'),
(1122, 1537210581, '1574351', 29, 1536104316, 1, '2018-09-17 12:56:43'),
(1123, 1537210581, '1565800', 29, 1536104316, 1, '2018-09-17 12:56:48'),
(1124, 1537209954, '1574786', 29, 1536104316, 1, '2018-09-17 17:37:28'),
(1125, 1537210091, '1575652', 29, 1536104316, 1, '2018-09-17 17:38:33'),
(1126, 1536974931, '1589687', 31, 1536104316, 1, '2018-09-17 17:41:14'),
(1127, 1536974931, '1589688', 31, 1536104316, 1, '2018-09-17 17:41:17'),
(1128, 1536974931, '1589689', 31, 1536104316, 1, '2018-09-17 17:41:20'),
(1129, 1536974931, '1589690', 31, 1536104316, 1, '2018-09-17 17:41:22'),
(1130, 1536974931, '1589691', 31, 1536104316, 1, '2018-09-17 17:41:26'),
(1131, 1536974931, '1589571', 31, 1536104316, 1, '2018-09-17 17:41:30'),
(1132, 1536974931, '1486490', 31, 1536104316, 1, '2018-09-17 17:41:34'),
(1133, 1537214753, '1484628', 31, 1536104316, 1, '2018-09-17 17:42:53'),
(1134, 1537214753, '1484627', 31, 1536104316, 1, '2018-09-17 17:43:14'),
(1135, 1537214753, '1484626', 31, 1536104316, 1, '2018-09-17 17:43:25'),
(1136, 1537214753, '1484629', 31, 1536104316, 1, '2018-09-17 17:43:37'),
(1137, 1537214753, '1484625', 31, 1536104316, 1, '2018-09-17 17:43:52'),
(1138, 1537228094, '1500901', 31, 1536104316, 1, '2018-09-17 17:49:20'),
(1139, 1537228094, '1500902', 31, 1536104316, 1, '2018-09-17 17:50:00'),
(1140, 1537197173, '1484742', 31, 1536104316, 1, '2018-09-17 17:52:46'),
(1141, 1537197173, '1564664', 31, 1536104316, 1, '2018-09-17 17:52:56'),
(1142, 1537197173, '1484741', 31, 1536104316, 1, '2018-09-17 17:53:12'),
(1143, 1537228474, '1490510', 31, 1536104316, 1, '2018-09-17 17:55:35'),
(1144, 1537228474, '1490508', 31, 1536104316, 1, '2018-09-17 17:55:42'),
(1145, 1537228474, '1490509', 31, 1536104316, 1, '2018-09-17 17:55:50'),
(1146, 1537228474, '1490507', 31, 1536104316, 1, '2018-09-17 17:56:00'),
(1147, 1537228474, '1490511', 31, 1536104316, 1, '2018-09-17 17:56:07'),
(1148, 1537220538, '1570404', 31, 1536104316, 1, '2018-09-17 17:57:16'),
(1149, 1537220538, '1570401', 31, 1536104316, 1, '2018-09-17 17:57:19'),
(1150, 1537220538, '1569250', 31, 1536104316, 1, '2018-09-17 17:57:23'),
(1151, 1537220538, '1570402', 31, 1536104316, 1, '2018-09-17 17:57:28'),
(1152, 1537220538, '1570403', 31, 1536104316, 1, '2018-09-17 17:57:31'),
(1153, 1536963182, '1566177', 31, 1536104316, 1, '2018-09-17 17:58:26'),
(1154, 1536963182, '1566176', 31, 1536104316, 1, '2018-09-17 17:58:29'),
(1155, 1536963182, '1566175', 31, 1536104316, 1, '2018-09-17 17:58:32'),
(1156, 1536963182, '1566174', 31, 1536104316, 1, '2018-09-17 17:58:36'),
(1157, 1536963182, '1566173', 31, 1536104316, 1, '2018-09-17 17:58:40'),
(1158, 1536963182, '1566172', 31, 1536104316, 1, '2018-09-17 17:58:43'),
(1159, 1536963182, '1566171', 31, 1536104316, 1, '2018-09-17 17:58:49'),
(1160, 1536963182, '1566170', 31, 1536104316, 1, '2018-09-17 17:58:52'),
(1161, 1536963182, '1566169', 31, 1536104316, 1, '2018-09-17 17:58:56'),
(1162, 1536963182, '1566168', 31, 1536104316, 1, '2018-09-17 17:59:09'),
(1163, 1536974868, '1567249', 31, 1536104316, 1, '2018-09-17 18:00:42'),
(1164, 1536974868, '1602077', 31, 1536104316, 1, '2018-09-17 18:00:51'),
(1165, 1536974868, '1602079', 31, 1536104316, 1, '2018-09-17 18:00:57'),
(1166, 1536974868, '1602078', 31, 1536104316, 1, '2018-09-17 18:01:05'),
(1167, 1536974868, '1602080', 31, 1536104316, 1, '2018-09-17 18:01:14'),
(1168, 1537209990, '1483906', 31, 1536104316, 1, '2018-09-17 18:03:11'),
(1169, 1537229223, '1564699', 31, 1536104316, 1, '2018-09-17 18:11:27'),
(1170, 1537229223, '1564700', 31, 1536104316, 1, '2018-09-17 18:11:28'),
(1171, 1537229189, '1462433', 31, 1536104316, 1, '2018-09-17 18:12:00'),
(1172, 1537229076, '15011130', 31, 1536104316, 1, '2018-09-17 18:13:59'),
(1173, 1537229076, '15011129', 31, 1536104316, 1, '2018-09-17 18:14:12'),
(1174, 1537229076, '1501131', 31, 1536104316, 1, '2018-09-17 18:14:18'),
(1175, 1537229076, '1501132', 31, 1536104316, 1, '2018-09-17 18:14:23'),
(1176, 1537229076, '1501133', 31, 1536104316, 1, '2018-09-17 18:14:28'),
(1177, 1537284424, '2166', 28, 1535761038, 1, '2018-09-18 09:27:32'),
(1178, 1537284424, '2167', 28, 1535761038, 1, '2018-09-18 09:27:35'),
(1179, 1537284424, '0721', 28, 1535761038, 1, '2018-09-18 09:27:39'),
(1180, 1537284424, '2164', 28, 1535761038, 1, '2018-09-18 09:27:43'),
(1181, 1537284424, '2163', 28, 1535761038, 1, '2018-09-18 09:27:47'),
(1182, 1537284424, '2165', 28, 1535761038, 1, '2018-09-18 09:27:50'),
(1183, 1537228091, '1575911', 27, 1536104316, 1, '2018-09-18 10:42:14'),
(1184, 1537228091, '1575912', 27, 1536104316, 1, '2018-09-18 10:42:17'),
(1185, 1537228091, '1575910', 27, 1536104316, 1, '2018-09-18 10:42:25'),
(1186, 1537228091, '1503550', 27, 1536104316, 1, '2018-09-18 10:42:33'),
(1187, 1537228091, '1575951', 27, 1536104316, 1, '2018-09-18 10:42:40'),
(1188, 1537229170, '1602090', 27, 1536104316, 1, '2018-09-18 10:44:03'),
(1189, 1537229170, '1602081', 27, 1536104316, 1, '2018-09-18 10:44:08'),
(1190, 1537229170, '1602083', 27, 1536104316, 1, '2018-09-18 10:44:16'),
(1191, 1537229170, '1602087', 27, 1536104316, 1, '2018-09-18 10:44:22'),
(1192, 1537229170, '1602082', 27, 1536104316, 1, '2018-09-18 10:44:31'),
(1193, 1537229170, '1602089', 27, 1536104316, 1, '2018-09-18 10:44:39'),
(1194, 1537229170, '1602085', 27, 1536104316, 1, '2018-09-18 10:44:45'),
(1195, 1537229170, '1602086', 27, 1536104316, 1, '2018-09-18 10:44:52'),
(1196, 1537229170, '1602084', 27, 1536104316, 1, '2018-09-18 10:45:03'),
(1197, 1537229170, '1602091', 27, 1536104316, 1, '2018-09-18 10:45:11'),
(1198, 1537229170, '1602088', 27, 1536104316, 1, '2018-09-18 10:45:42'),
(1200, 1537210137, '1580856', 27, 1536104316, 1, '2018-09-18 10:49:38'),
(1201, 1537210137, '1580855', 27, 1536104316, 1, '2018-09-18 10:49:45'),
(1202, 1537210137, '1580852', 27, 1536104316, 1, '2018-09-18 10:49:52'),
(1203, 1537210137, '1580851', 27, 1536104316, 1, '2018-09-18 10:49:56'),
(1204, 1537210137, '1566298', 27, 1536104316, 1, '2018-09-18 10:50:05'),
(1205, 1537210137, '1580857', 27, 1536104316, 1, '2018-09-18 10:50:10'),
(1206, 1537210137, '1580858', 27, 1536104316, 1, '2018-09-18 10:50:13'),
(1207, 1537210137, '1580854', 27, 1536104316, 1, '2018-09-18 10:50:18'),
(1208, 1537210137, '1566299', 27, 1536104316, 1, '2018-09-18 10:50:22'),
(1209, 1537210137, '1580853', 27, 1536104316, 1, '2018-09-18 10:50:30'),
(1210, 1537210137, '1580859', 27, 1536104316, 1, '2018-09-18 10:50:35'),
(1211, 1537210137, '1566300', 27, 1536104316, 1, '2018-09-18 10:50:39'),
(1212, 1537225240, '2076', 27, 1536104316, 1, '2018-09-18 10:54:05'),
(1215, 1537225240, '2060', 27, 1536104316, 1, '2018-09-18 10:54:12'),
(1216, 1537283592, '8169', 27, 1536104316, 1, '2018-09-18 10:54:58'),
(1217, 1537283592, '8167', 27, 1536104316, 1, '2018-09-18 10:55:02'),
(1218, 1537283592, '8168', 27, 1536104316, 1, '2018-09-18 10:55:06'),
(1219, 1537284301, '4357', 27, 1536104316, 1, '2018-09-18 10:56:03'),
(1220, 1537284301, '4354', 27, 1536104316, 1, '2018-09-18 10:56:06'),
(1221, 1537284301, '4352', 27, 1536104316, 1, '2018-09-18 10:56:10'),
(1222, 1537284301, '4353', 27, 1536104316, 1, '2018-09-18 10:56:13'),
(1223, 1537284301, '4355', 27, 1536104316, 1, '2018-09-18 10:56:17'),
(1224, 1537284301, '4356', 27, 1536104316, 1, '2018-09-18 10:56:20'),
(1225, 1537297146, '1573206', 29, 1536104316, 1, '2018-09-18 12:59:31'),
(1226, 1537297146, '205', 29, 1536104316, 1, '2018-09-18 12:59:38'),
(1227, 1537297146, '200', 29, 1536104316, 1, '2018-09-18 12:59:46'),
(1228, 1537297146, '199', 29, 1536104316, 1, '2018-09-18 12:59:54'),
(1229, 1537297146, '201', 29, 1536104316, 1, '2018-09-18 13:00:04'),
(1231, 1537297146, '202', 29, 1536104316, 1, '2018-09-18 13:00:19'),
(1232, 1537297146, '203', 29, 1536104316, 1, '2018-09-18 13:00:27'),
(1233, 1537297146, '204', 29, 1536104316, 1, '2018-09-18 13:00:35'),
(1234, 1537297304, '1578113', 29, 1536104316, 1, '2018-09-18 13:02:00'),
(1235, 1537297304, '114', 29, 1536104316, 1, '2018-09-18 13:02:04'),
(1236, 1537297304, '111', 29, 1536104316, 1, '2018-09-18 13:02:08'),
(1237, 1537297304, '110', 29, 1536104316, 1, '2018-09-18 13:02:16'),
(1239, 1537297304, '112', 29, 1536104316, 1, '2018-09-18 13:02:33'),
(1240, 1537297304, '108', 29, 1536104316, 1, '2018-09-18 13:02:38'),
(1241, 1537297304, '109', 29, 1536104316, 1, '2018-09-18 13:02:41'),
(1242, 1537229120, '1578962', 29, 1536104316, 1, '2018-09-18 13:03:45'),
(1243, 1537229120, '963', 29, 1536104316, 1, '2018-09-18 13:03:50'),
(1244, 1537197100, '1573197', 29, 1536104316, 1, '2018-09-18 13:06:45'),
(1245, 1537197100, '1573198', 29, 1536104316, 1, '2018-09-18 13:06:54'),
(1246, 1537197100, '196', 29, 1536104316, 1, '2018-09-18 13:07:11'),
(1247, 1537197100, '195', 29, 1536104316, 1, '2018-09-18 13:07:23'),
(1248, 1537197100, '194', 29, 1536104316, 1, '2018-09-18 13:07:34'),
(1249, 1537287957, '1492728', 29, 1536104316, 1, '2018-09-18 13:11:37'),
(1250, 1537287957, '1492726', 29, 1536104316, 1, '2018-09-18 13:11:40'),
(1251, 1537287957, '1492724', 29, 1536104316, 1, '2018-09-18 13:11:42'),
(1252, 1537287957, '1492723', 29, 1536104316, 1, '2018-09-18 13:11:46'),
(1253, 1537287957, '1492725', 29, 1536104316, 1, '2018-09-18 13:11:48'),
(1254, 1537287957, '1492727', 29, 1536104316, 1, '2018-09-18 13:11:53'),
(1255, 1537298012, '1576306', 29, 1536104316, 1, '2018-09-18 13:14:00'),
(1256, 1537298012, '303', 29, 1536104316, 1, '2018-09-18 13:14:11'),
(1257, 1537298012, '304', 29, 1536104316, 1, '2018-09-18 13:14:15'),
(1258, 1537298012, '301', 29, 1536104316, 1, '2018-09-18 13:14:21'),
(1259, 1537298012, '307', 29, 1536104316, 1, '2018-09-18 13:14:25'),
(1260, 1537298012, '1559948', 29, 1536104316, 1, '2018-09-18 13:14:33'),
(1261, 1537298012, '950', 29, 1536104316, 1, '2018-09-18 13:14:39'),
(1262, 1537298012, '1576305', 29, 1536104316, 1, '2018-09-18 13:14:46'),
(1263, 1537298012, '1559949', 29, 1536104316, 1, '2018-09-18 13:14:50'),
(1264, 1537298012, '947', 29, 1536104316, 1, '2018-09-18 13:14:57'),
(1265, 1537298012, '1576302', 29, 1536104316, 1, '2018-09-18 13:15:06'),
(1266, 1537298692, '1559942', 31, 1536104316, 1, '2018-09-18 13:25:38'),
(1267, 1537298692, '1559943', 31, 1536104316, 1, '2018-09-18 13:25:45'),
(1268, 1537286670, '1570313', 31, 1536104316, 1, '2018-09-18 13:26:52'),
(1269, 1537286670, '1570314', 31, 1536104316, 1, '2018-09-18 13:27:02'),
(1270, 1537286670, '1570312', 31, 1536104316, 1, '2018-09-18 13:27:13'),
(1271, 1537286670, '1570315', 31, 1536104316, 1, '2018-09-18 13:27:24'),
(1272, 1537298896, '1570310', 31, 1536104316, 1, '2018-09-18 13:28:58'),
(1273, 1537229073, '1580222', 31, 1536104316, 1, '2018-09-18 13:29:32'),
(1274, 1537229073, '1580221', 31, 1536104316, 1, '2018-09-18 13:29:49'),
(1275, 1537283481, '1497110', 31, 1536104316, 1, '2018-09-18 13:30:34'),
(1276, 1537299152, '1566215', 31, 1536104316, 1, '2018-09-18 13:32:46'),
(1277, 1537299152, '1566216', 31, 1536104316, 1, '2018-09-18 13:32:48'),
(1278, 1537299152, '1566217', 31, 1536104316, 1, '2018-09-18 13:32:50'),
(1279, 1537299152, '1566219', 31, 1536104316, 1, '2018-09-18 13:32:53'),
(1280, 1537299237, '1566221', 31, 1536104316, 1, '2018-09-18 13:34:28'),
(1281, 1537299237, '1566222', 31, 1536104316, 1, '2018-09-18 13:34:30'),
(1282, 1537299237, '1566223', 31, 1536104316, 1, '2018-09-18 13:34:33'),
(1283, 1537299237, '1566224', 31, 1536104316, 1, '2018-09-18 13:34:35'),
(1284, 1537282706, '4788', 28, 1536104316, 1, '2018-09-18 17:15:54'),
(1285, 1537282706, '4789', 28, 1536104316, 1, '2018-09-18 17:15:58'),
(1286, 1537282706, '4787', 28, 1536104316, 1, '2018-09-18 17:16:05'),
(1287, 1537210066, '5062', 28, 1536104316, 1, '2018-09-18 17:17:03'),
(1288, 1537210066, '5063', 28, 1536104316, 1, '2018-09-18 17:17:09'),
(1289, 1537210066, '5064', 28, 1536104316, 1, '2018-09-18 17:17:13'),
(1290, 1537210066, '5061', 28, 1536104316, 1, '2018-09-18 17:17:33'),
(1291, 1537210066, '5065', 28, 1536104316, 1, '2018-09-18 17:17:38'),
(1292, 1537210017, '5708', 28, 1536104316, 1, '2018-09-18 17:18:58'),
(1293, 1537210017, '5707', 28, 1536104316, 1, '2018-09-18 17:19:04'),
(1294, 1537210017, '5705', 28, 1536104316, 1, '2018-09-18 17:19:08'),
(1295, 1537210017, '5706', 28, 1536104316, 1, '2018-09-18 17:19:12'),
(1296, 1537210017, '5702', 28, 1536104316, 1, '2018-09-18 17:19:16'),
(1297, 1537210017, '5701', 28, 1536104316, 1, '2018-09-18 17:19:20'),
(1298, 1537210017, '5704', 28, 1536104316, 1, '2018-09-18 17:19:24'),
(1299, 1537210017, '5703', 28, 1536104316, 1, '2018-09-18 17:19:29'),
(1300, 1537225310, '6180', 28, 1536104316, 1, '2018-09-18 17:20:48'),
(1301, 1537225310, '6178', 28, 1536104316, 1, '2018-09-18 17:20:52'),
(1302, 1537225310, '6186', 28, 1536104316, 1, '2018-09-18 17:20:57'),
(1303, 1537225310, '6182', 28, 1536104316, 1, '2018-09-18 17:21:01'),
(1304, 1537225310, '6183', 28, 1536104316, 1, '2018-09-18 17:21:06'),
(1305, 1537225310, '6179', 28, 1536104316, 1, '2018-09-18 17:21:10'),
(1306, 1537225310, '6185', 28, 1536104316, 1, '2018-09-18 17:21:15'),
(1307, 1537225310, '6181', 28, 1536104316, 1, '2018-09-18 17:21:18'),
(1308, 1537225310, '6184', 28, 1536104316, 1, '2018-09-18 17:21:23'),
(1309, 1537312918, '2424', 28, 1536104316, 1, '2018-09-18 17:22:23'),
(1310, 1537312978, '6420', 28, 1536104316, 1, '2018-09-18 17:23:48'),
(1311, 1537312978, '9573', 28, 1536104316, 1, '2018-09-18 17:24:00'),
(1312, 1537312978, '9572', 28, 1536104316, 1, '2018-09-18 17:24:05'),
(1313, 1537312978, '9575', 28, 1536104316, 1, '2018-09-18 17:24:08'),
(1314, 1537312978, '9697', 28, 1536104316, 1, '2018-09-18 17:24:15'),
(1315, 1537312978, '9695', 28, 1536104316, 1, '2018-09-18 17:24:19'),
(1316, 1537312978, '9574', 28, 1536104316, 1, '2018-09-18 17:24:24'),
(1317, 1537312978, '9692', 28, 1536104316, 1, '2018-09-18 17:24:29'),
(1318, 1537312978, '9693', 28, 1536104316, 1, '2018-09-18 17:24:34'),
(1319, 1537312978, '9694', 28, 1536104316, 1, '2018-09-18 17:24:38'),
(1320, 1537312978, '9696', 28, 1536104316, 1, '2018-09-18 17:24:42');

-- --------------------------------------------------------

--
-- Estructura de tabla para la tabla `transportes`
--

CREATE TABLE `transportes` (
  `id` int(11) NOT NULL,
  `nombre` varchar(50) NOT NULL,
  `status` int(30) NOT NULL DEFAULT '1'
) ENGINE=MyISAM DEFAULT CHARSET=latin1;

--
-- Volcado de datos para la tabla `transportes`
--

INSERT INTO `transportes` (`id`, `nombre`, `status`) VALUES
(1, 'RHC OROTINA', 1),
(2, 'TRACOPA', 1),
(3, 'EMPRES. UNIDOS', 1),
(4, 'ALFARO NICOYA', 1),
(5, 'BUSES SANTA ROSA', 1),
(6, 'CAJETA SAN CARLOS', 1),
(7, 'ENCOMIENDA PULMITAN LIBERIA', 1),
(8, 'ENCOMIENDA AUTOTRANSPORTES TILARAN CAÑAS', 1),
(9, 'ENCOMIENDA GUAPILEÑOS LIMÓN', 1),
(10, 'BUSES LA FORTUNA', 1),
(11, 'TRANSTUSA', 1),
(12, 'TEMPISQUE', 1),
(13, 'BUSES POCOZOL', 1),
(14, 'CARIBEÑOS', 1),
(15, 'MUSOC', 1),
(16, 'CORREOS DE COSTA RICA', 1),
(18, '', 1),
(19, 'guapileños', 1);

-- --------------------------------------------------------

--
-- Estructura de tabla para la tabla `usuarios`
--

CREATE TABLE `usuarios` (
  `id` int(11) NOT NULL,
  `nombre` varchar(50) NOT NULL,
  `contrasena` varchar(50) NOT NULL,
  `status` int(11) NOT NULL DEFAULT '1',
  `tipo` varchar(30) NOT NULL,
  `idmensajero` int(11) NOT NULL
) ENGINE=MyISAM DEFAULT CHARSET=latin1;

--
-- Volcado de datos para la tabla `usuarios`
--

INSERT INTO `usuarios` (`id`, `nombre`, `contrasena`, `status`, `tipo`, `idmensajero`) VALUES
(2, 'William Valverde', '151d2d83474fb679cf43bbe8ba02fdc97571d56c', 1, 'root', 0),
(31, 'Yahaira', 'efd3caec4164d2f623709125339228b926ef1d3c', 1, 'root', 1536097670),
(25, 'mensajero externo', '1f55b7edecfad0628e4c55827c8805cdc17f6aff', 1, 'mensajero', 1535761038),
(26, 'Jean Pierre', '12fdcb5553ac21a655e1102d744b1b6ad79785f2', 1, 'root', 1535762629),
(27, 'Ingrid', 'aca6d6e0ac7c6af640177fbc27eae8fbf9188dda', 1, 'operario', 1535811592),
(28, 'Joselyne', 'f2ad9235661fba90cb8d28100c35ec4a42a39c64', 1, 'operario', 1536022902),
(29, 'Michelle', '6f414f81e4920389ad4e2f8c3dddf60b78e7e440', 1, 'operario', 1536022952),
(30, 'Karol', '16eabfd1b9d4b33d741e4c14cf54d06ab86405d3', 1, 'operario', 1536023022),
(32, 'Alexander', '03764d243c4cbd62413fcf184e4ecd9b546dd88d', 1, 'mensajero', 1536104316);

--
-- Índices para tablas volcadas
--

--
-- Indices de la tabla `documentos`
--
ALTER TABLE `documentos`
  ADD PRIMARY KEY (`id`);

--
-- Indices de la tabla `mensajeros`
--
ALTER TABLE `mensajeros`
  ADD PRIMARY KEY (`id`);

--
-- Indices de la tabla `ordenes`
--
ALTER TABLE `ordenes`
  ADD PRIMARY KEY (`id`);

--
-- Indices de la tabla `transportes`
--
ALTER TABLE `transportes`
  ADD PRIMARY KEY (`id`);

--
-- Indices de la tabla `usuarios`
--
ALTER TABLE `usuarios`
  ADD PRIMARY KEY (`id`);

--
-- AUTO_INCREMENT de las tablas volcadas
--

--
-- AUTO_INCREMENT de la tabla `documentos`
--
ALTER TABLE `documentos`
  MODIFY `id` int(20) NOT NULL AUTO_INCREMENT, AUTO_INCREMENT=1537312979;
--
-- AUTO_INCREMENT de la tabla `mensajeros`
--
ALTER TABLE `mensajeros`
  MODIFY `id` int(11) NOT NULL AUTO_INCREMENT, AUTO_INCREMENT=1536104317;
--
-- AUTO_INCREMENT de la tabla `ordenes`
--
ALTER TABLE `ordenes`
  MODIFY `id` int(11) NOT NULL AUTO_INCREMENT, AUTO_INCREMENT=1321;
--
-- AUTO_INCREMENT de la tabla `transportes`
--
ALTER TABLE `transportes`
  MODIFY `id` int(11) NOT NULL AUTO_INCREMENT, AUTO_INCREMENT=20;
--
-- AUTO_INCREMENT de la tabla `usuarios`
--
ALTER TABLE `usuarios`
  MODIFY `id` int(11) NOT NULL AUTO_INCREMENT, AUTO_INCREMENT=33;
/*!40101 SET CHARACTER_SET_CLIENT=@OLD_CHARACTER_SET_CLIENT */;
/*!40101 SET CHARACTER_SET_RESULTS=@OLD_CHARACTER_SET_RESULTS */;
/*!40101 SET COLLATION_CONNECTION=@OLD_COLLATION_CONNECTION */;
